--
-- PostgreSQL database dump
--

-- Dumped from database version 14.13 (Ubuntu 14.13-1.pgdg22.04+1)
-- Dumped by pg_dump version 14.13 (Ubuntu 14.13-1.pgdg22.04+1)

SET statement_timeout = 0;
SET lock_timeout = 0;
SET idle_in_transaction_session_timeout = 0;
SET client_encoding = 'UTF8';
SET standard_conforming_strings = on;
SELECT pg_catalog.set_config('search_path', '', false);
SET check_function_bodies = false;
SET xmloption = content;
SET client_min_messages = warning;
SET row_security = off;

SET default_tablespace = '';

SET default_table_access_method = heap;

--
-- Name: applications; Type: TABLE; Schema: public; Owner: postgres
--

CREATE TABLE public.applications (
    id integer NOT NULL,
    candidate_id integer NOT NULL,
    profile_id integer NOT NULL,
    status character(20) NOT NULL,
    enrollment_id integer NOT NULL,
    created_at timestamp without time zone DEFAULT now(),
    updated_at timestamp without time zone DEFAULT now(),
    priority integer NOT NULL,
    CONSTRAINT applications_status_check CHECK (((status)::text = ANY (ARRAY['Oczekujący'::text, 'Odrzucony'::text, 'Przyjęty'::text])))
);


ALTER TABLE public.applications OWNER TO postgres;

--
-- Name: applications_id_seq; Type: SEQUENCE; Schema: public; Owner: postgres
--

ALTER TABLE public.applications ALTER COLUMN id ADD GENERATED ALWAYS AS IDENTITY (
    SEQUENCE NAME public.applications_id_seq
    START WITH 1
    INCREMENT BY 1
    NO MINVALUE
    NO MAXVALUE
    CACHE 1
);


--
-- Name: candidates; Type: TABLE; Schema: public; Owner: postgres
--

CREATE TABLE public.candidates (
    id integer NOT NULL,
    pesel character varying(11) NOT NULL,
    first_name character varying(50) NOT NULL,
    last_name character varying(100) NOT NULL,
    created_at timestamp without time zone DEFAULT CURRENT_TIMESTAMP,
    updated_at timestamp without time zone DEFAULT CURRENT_TIMESTAMP,
    user_id integer
);


ALTER TABLE public.candidates OWNER TO postgres;

--
-- Name: candidates_candidate_id_seq; Type: SEQUENCE; Schema: public; Owner: postgres
--

ALTER TABLE public.candidates ALTER COLUMN id ADD GENERATED ALWAYS AS IDENTITY (
    SEQUENCE NAME public.candidates_candidate_id_seq
    START WITH 1
    INCREMENT BY 1
    NO MINVALUE
    NO MAXVALUE
    CACHE 1
);


--
-- Name: profile_criteria; Type: TABLE; Schema: public; Owner: postgres
--

CREATE TABLE public.profile_criteria (
    id integer NOT NULL,
    profile_id integer NOT NULL,
    subject_id integer NOT NULL,
    type character varying(16) NOT NULL,
    created_at timestamp without time zone DEFAULT now(),
    updated_at timestamp without time zone DEFAULT now(),
    CONSTRAINT class_criteria_type_check CHECK (((type)::text = ANY (ARRAY[('mandatory'::character varying)::text, ('alternative'::character varying)::text])))
);


ALTER TABLE public.profile_criteria OWNER TO postgres;

--
-- Name: class_criteria_id_seq; Type: SEQUENCE; Schema: public; Owner: postgres
--

ALTER TABLE public.profile_criteria ALTER COLUMN id ADD GENERATED ALWAYS AS IDENTITY (
    SEQUENCE NAME public.class_criteria_id_seq
    START WITH 1
    INCREMENT BY 1
    NO MINVALUE
    NO MAXVALUE
    CACHE 1
);


--
-- Name: profiles; Type: TABLE; Schema: public; Owner: postgres
--

CREATE TABLE public.profiles (
    id integer NOT NULL,
    name character varying(100) NOT NULL,
    school_id integer NOT NULL,
    capacity integer NOT NULL,
    created_at timestamp without time zone DEFAULT now(),
    updated_at timestamp without time zone DEFAULT now()
);


ALTER TABLE public.profiles OWNER TO postgres;

--
-- Name: classes_id_seq; Type: SEQUENCE; Schema: public; Owner: postgres
--

ALTER TABLE public.profiles ALTER COLUMN id ADD GENERATED ALWAYS AS IDENTITY (
    SEQUENCE NAME public.classes_id_seq
    START WITH 1
    INCREMENT BY 1
    NO MINVALUE
    NO MAXVALUE
    CACHE 1
);


--
-- Name: enrollments; Type: TABLE; Schema: public; Owner: postgres
--

CREATE TABLE public.enrollments (
    id integer NOT NULL,
    round integer NOT NULL,
    start_date date NOT NULL,
    end_date date NOT NULL
);


ALTER TABLE public.enrollments OWNER TO postgres;

--
-- Name: enrollment_id_seq; Type: SEQUENCE; Schema: public; Owner: postgres
--

ALTER TABLE public.enrollments ALTER COLUMN id ADD GENERATED ALWAYS AS IDENTITY (
    SEQUENCE NAME public.enrollment_id_seq
    START WITH 1
    INCREMENT BY 1
    NO MINVALUE
    NO MAXVALUE
    CACHE 1
);


--
-- Name: grades; Type: TABLE; Schema: public; Owner: postgres
--

CREATE TABLE public.grades (
    id integer NOT NULL,
    candidate_id integer NOT NULL,
    subject_id integer NOT NULL,
    grade integer NOT NULL,
    type character varying(11) NOT NULL,
    created_at timestamp without time zone DEFAULT now(),
    updated_at timestamp without time zone DEFAULT now(),
    CONSTRAINT grades_type_check CHECK (((type)::text = ANY ((ARRAY['certificate'::character varying, 'exam'::character varying])::text[])))
);


ALTER TABLE public.grades OWNER TO postgres;

--
-- Name: grades_id_seq; Type: SEQUENCE; Schema: public; Owner: postgres
--

ALTER TABLE public.grades ALTER COLUMN id ADD GENERATED ALWAYS AS IDENTITY (
    SEQUENCE NAME public.grades_id_seq
    START WITH 1
    INCREMENT BY 1
    NO MINVALUE
    NO MAXVALUE
    CACHE 1
);


--
-- Name: school_admins; Type: TABLE; Schema: public; Owner: postgres
--

CREATE TABLE public.school_admins (
    id integer NOT NULL,
    school_id integer NOT NULL,
    user_id integer NOT NULL,
    created_at timestamp without time zone DEFAULT now(),
    updated_at timestamp without time zone DEFAULT now()
);


ALTER TABLE public.school_admins OWNER TO postgres;

--
-- Name: school_admins_id_seq; Type: SEQUENCE; Schema: public; Owner: postgres
--

ALTER TABLE public.school_admins ALTER COLUMN id ADD GENERATED ALWAYS AS IDENTITY (
    SEQUENCE NAME public.school_admins_id_seq
    START WITH 1
    INCREMENT BY 1
    NO MINVALUE
    NO MAXVALUE
    CACHE 1
);


--
-- Name: schools; Type: TABLE; Schema: public; Owner: postgres
--

CREATE TABLE public.schools (
    id integer NOT NULL,
    name character varying(100) NOT NULL,
    created_at timestamp without time zone DEFAULT now(),
    updated_at timestamp without time zone DEFAULT now()
);


ALTER TABLE public.schools OWNER TO postgres;

--
-- Name: schools_id_seq; Type: SEQUENCE; Schema: public; Owner: postgres
--

ALTER TABLE public.schools ALTER COLUMN id ADD GENERATED ALWAYS AS IDENTITY (
    SEQUENCE NAME public.schools_id_seq
    START WITH 1
    INCREMENT BY 1
    NO MINVALUE
    NO MAXVALUE
    CACHE 1
);


--
-- Name: subjects; Type: TABLE; Schema: public; Owner: postgres
--

CREATE TABLE public.subjects (
    id integer NOT NULL,
    name character varying(50) NOT NULL,
    created_at timestamp without time zone DEFAULT now(),
    updated_at timestamp without time zone DEFAULT now(),
    is_exam_subject boolean DEFAULT false NOT NULL
);


ALTER TABLE public.subjects OWNER TO postgres;

--
-- Name: subjects_id_seq; Type: SEQUENCE; Schema: public; Owner: postgres
--

ALTER TABLE public.subjects ALTER COLUMN id ADD GENERATED ALWAYS AS IDENTITY (
    SEQUENCE NAME public.subjects_id_seq
    START WITH 1
    INCREMENT BY 1
    NO MINVALUE
    NO MAXVALUE
    CACHE 1
);


--
-- Name: user_roles; Type: TABLE; Schema: public; Owner: postgres
--

CREATE TABLE public.user_roles (
    user_id integer NOT NULL,
    role_name character varying(50) NOT NULL,
    created_at timestamp without time zone DEFAULT CURRENT_TIMESTAMP,
    updated_at timestamp without time zone DEFAULT CURRENT_TIMESTAMP
);


ALTER TABLE public.user_roles OWNER TO postgres;

--
-- Name: users; Type: TABLE; Schema: public; Owner: postgres
--

CREATE TABLE public.users (
    id integer NOT NULL,
    username character varying(50) NOT NULL,
    email character varying(255) NOT NULL,
    password character varying(255) NOT NULL,
    created_at timestamp without time zone DEFAULT CURRENT_TIMESTAMP,
    updated_at timestamp without time zone DEFAULT CURRENT_TIMESTAMP
);


ALTER TABLE public.users OWNER TO postgres;

--
-- Name: users_user_id_seq; Type: SEQUENCE; Schema: public; Owner: postgres
--

CREATE SEQUENCE public.users_user_id_seq
    AS integer
    START WITH 1
    INCREMENT BY 1
    NO MINVALUE
    NO MAXVALUE
    CACHE 1;


ALTER TABLE public.users_user_id_seq OWNER TO postgres;

--
-- Name: users_user_id_seq; Type: SEQUENCE OWNED BY; Schema: public; Owner: postgres
--

ALTER SEQUENCE public.users_user_id_seq OWNED BY public.users.id;


--
-- Name: users id; Type: DEFAULT; Schema: public; Owner: postgres
--

ALTER TABLE ONLY public.users ALTER COLUMN id SET DEFAULT nextval('public.users_user_id_seq'::regclass);


--
-- Data for Name: applications; Type: TABLE DATA; Schema: public; Owner: postgres
--

COPY public.applications (id, candidate_id, profile_id, status, enrollment_id, created_at, updated_at, priority) FROM stdin;
50	17	1	Przyjęty            	5	2025-01-10 20:45:08.510725	2025-01-10 20:45:08.510725	1
51	17	4	Odrzucony           	5	2025-01-10 20:45:08.510725	2025-01-10 20:45:08.510725	2
28	10	1	Przyjęty            	1	2024-12-09 19:51:35.874654	2024-12-09 19:51:35.874654	2
44	15	1	Przyjęty            	5	2025-01-07 00:15:49.365747	2025-01-07 00:15:49.365747	1
34	13	1	Przyjęty            	1	2024-12-13 01:42:41.180907	2024-12-13 01:42:41.180907	2
42	16	1	Odrzucony           	5	2025-01-06 23:48:24.656004	2025-01-06 23:48:24.656004	2
41	16	2	Przyjęty            	5	2025-01-06 23:48:24.656004	2025-01-06 23:48:24.656004	1
45	15	2	Odrzucony           	5	2025-01-07 00:15:49.365747	2025-01-07 00:15:49.365747	2
35	13	2	Odrzucony           	1	2024-12-13 01:42:41.180907	2024-12-13 01:42:41.180907	3
20	3	2	Odrzucony           	1	2024-12-09 11:44:46.23502	2024-12-09 11:44:46.23502	2
26	9	2	Odrzucony           	1	2024-12-09 19:46:27.759074	2024-12-09 19:46:27.759074	2
27	9	4	Przyjęty            	1	2024-12-09 19:46:27.759074	2024-12-09 19:46:27.759074	1
46	15	4	Odrzucony           	5	2025-01-07 00:15:49.365747	2025-01-07 00:15:49.365747	3
43	16	4	Odrzucony           	5	2025-01-06 23:48:24.656004	2025-01-06 23:48:24.656004	3
21	3	4	Odrzucony           	1	2024-12-09 11:44:46.23502	2024-12-09 11:44:46.23502	4
40	14	4	Odrzucony           	1	2024-12-14 17:36:29.872007	2024-12-14 17:36:29.872007	2
39	14	3	Przyjęty            	1	2024-12-14 17:36:29.872007	2024-12-14 17:36:29.872007	1
19	3	1	Odrzucony           	1	2024-12-09 11:44:46.23502	2024-12-09 11:44:46.23502	1
\.


--
-- Data for Name: candidates; Type: TABLE DATA; Schema: public; Owner: postgres
--

COPY public.candidates (id, pesel, first_name, last_name, created_at, updated_at, user_id) FROM stdin;
9	95061836491	Julia	Noczyńska	2024-12-09 18:03:16.057102	2024-12-09 18:03:16.057102	17
10	55071587484	Adam	Kowalski	2024-12-09 19:45:00.850404	2024-12-09 19:45:00.850404	17
15	90061769774	Jan	Nowak	2024-12-17 16:56:42.084984	2024-12-17 16:56:42.084984	19
17	68102321818	Agata	Nowak	2025-01-06 23:49:38.840711	2025-01-06 23:49:38.840711	19
16	00302324244	Grzegorz	Karmazyn	2024-12-18 18:11:48.479791	2024-12-18 18:11:48.479791	19
14	98102764276	Izabela	Piekarska	2024-12-13 01:41:23.421091	2024-12-13 01:41:23.421091	19
13	01211069833	Aniela	Piekarska	2024-12-13 01:40:38.104942	2024-12-13 01:40:38.104942	19
6	56113078632	Jagoda	Kowal	2024-12-02 21:12:42.415305	2024-12-02 21:12:42.415305	16
3	01262168369	Karol	Jarczewski	2024-11-16 01:42:06.913246	2024-11-16 01:42:06.913246	8
2	02241372199	Jerzy	Miłosławski	2024-11-16 00:22:57.050333	2024-11-16 00:22:57.050333	8
\.


--
-- Data for Name: enrollments; Type: TABLE DATA; Schema: public; Owner: postgres
--

COPY public.enrollments (id, round, start_date, end_date) FROM stdin;
1	1	2024-11-27	2024-12-27
5	2	2024-12-31	2025-01-27
\.


--
-- Data for Name: grades; Type: TABLE DATA; Schema: public; Owner: postgres
--

COPY public.grades (id, candidate_id, subject_id, grade, type, created_at, updated_at) FROM stdin;
13	3	1	3	certificate	2024-11-30 23:11:34.051292	2024-11-30 23:11:34.051292
14	3	1	4	exam	2024-11-30 23:11:34.051292	2024-11-30 23:11:34.051292
15	3	2	4	certificate	2024-11-30 23:11:34.051292	2024-11-30 23:11:34.051292
16	3	3	4	certificate	2024-11-30 23:11:34.051292	2024-11-30 23:11:34.051292
17	3	4	2	certificate	2024-11-30 23:11:34.051292	2024-11-30 23:11:34.051292
18	3	5	2	certificate	2024-11-30 23:11:34.051292	2024-11-30 23:11:34.051292
19	3	6	7	certificate	2024-11-30 23:11:34.051292	2024-11-30 23:11:34.051292
20	3	7	3	certificate	2024-11-30 23:11:34.051292	2024-11-30 23:11:34.051292
21	3	8	3	certificate	2024-11-30 23:11:34.051292	2024-11-30 23:11:34.051292
22	3	8	3	exam	2024-11-30 23:11:34.051292	2024-11-30 23:11:34.051292
23	3	11	3	certificate	2024-11-30 23:11:34.051292	2024-11-30 23:11:34.051292
24	3	11	3	exam	2024-11-30 23:11:34.051292	2024-11-30 23:11:34.051292
37	9	1	5	certificate	2024-12-09 19:46:14.020717	2024-12-09 19:46:14.020717
38	9	1	90	exam	2024-12-09 19:46:14.020717	2024-12-09 19:46:14.020717
39	9	2	5	certificate	2024-12-09 19:46:14.020717	2024-12-09 19:46:14.020717
40	9	3	5	certificate	2024-12-09 19:46:14.020717	2024-12-09 19:46:14.020717
41	9	4	5	certificate	2024-12-09 19:46:14.020717	2024-12-09 19:46:14.020717
42	9	5	5	certificate	2024-12-09 19:46:14.020717	2024-12-09 19:46:14.020717
43	9	6	5	certificate	2024-12-09 19:46:14.020717	2024-12-09 19:46:14.020717
44	9	7	5	certificate	2024-12-09 19:46:14.020717	2024-12-09 19:46:14.020717
45	9	8	5	certificate	2024-12-09 19:46:14.020717	2024-12-09 19:46:14.020717
46	9	8	90	exam	2024-12-09 19:46:14.020717	2024-12-09 19:46:14.020717
47	9	11	5	certificate	2024-12-09 19:46:14.020717	2024-12-09 19:46:14.020717
48	9	11	90	exam	2024-12-09 19:46:14.020717	2024-12-09 19:46:14.020717
49	10	1	4	certificate	2024-12-09 19:52:22.853997	2024-12-09 19:52:22.853997
50	10	1	80	exam	2024-12-09 19:52:22.853997	2024-12-09 19:52:22.853997
51	10	2	4	certificate	2024-12-09 19:52:22.853997	2024-12-09 19:52:22.853997
52	10	3	4	certificate	2024-12-09 19:52:22.853997	2024-12-09 19:52:22.853997
53	10	4	3	certificate	2024-12-09 19:52:22.853997	2024-12-09 19:52:22.853997
54	10	5	4	certificate	2024-12-09 19:52:22.853997	2024-12-09 19:52:22.853997
55	10	6	5	certificate	2024-12-09 19:52:22.853997	2024-12-09 19:52:22.853997
56	10	7	6	certificate	2024-12-09 19:52:22.853997	2024-12-09 19:52:22.853997
57	10	8	5	certificate	2024-12-09 19:52:22.853997	2024-12-09 19:52:22.853997
58	10	8	80	exam	2024-12-09 19:52:22.853997	2024-12-09 19:52:22.853997
59	10	11	6	certificate	2024-12-09 19:52:22.853997	2024-12-09 19:52:22.853997
60	10	11	80	exam	2024-12-09 19:52:22.853997	2024-12-09 19:52:22.853997
61	13	1	6	certificate	2024-12-13 01:45:24.742467	2024-12-13 01:45:24.742467
62	13	1	3	exam	2024-12-13 01:45:24.742467	2024-12-13 01:45:24.742467
63	13	2	4	certificate	2024-12-13 01:45:24.742467	2024-12-13 01:45:24.742467
64	13	3	3	certificate	2024-12-13 01:45:24.742467	2024-12-13 01:45:24.742467
65	13	4	3	certificate	2024-12-13 01:45:24.742467	2024-12-13 01:45:24.742467
66	13	5	4	certificate	2024-12-13 01:45:24.742467	2024-12-13 01:45:24.742467
67	13	6	4	certificate	2024-12-13 01:45:24.742467	2024-12-13 01:45:24.742467
68	13	7	4	certificate	2024-12-13 01:45:24.742467	2024-12-13 01:45:24.742467
69	13	8	4	certificate	2024-12-13 01:45:24.742467	2024-12-13 01:45:24.742467
70	13	8	22	exam	2024-12-13 01:45:24.742467	2024-12-13 01:45:24.742467
71	13	11	4	certificate	2024-12-13 01:45:24.742467	2024-12-13 01:45:24.742467
72	13	11	26	exam	2024-12-13 01:45:24.742467	2024-12-13 01:45:24.742467
73	14	1	3	certificate	2024-12-13 01:48:36.286161	2024-12-13 01:48:36.286161
74	14	1	100	exam	2024-12-13 01:48:36.286161	2024-12-13 01:48:36.286161
75	14	2	3	certificate	2024-12-13 01:48:36.286161	2024-12-13 01:48:36.286161
76	14	3	3	certificate	2024-12-13 01:48:36.286161	2024-12-13 01:48:36.286161
77	14	4	3	certificate	2024-12-13 01:48:36.286161	2024-12-13 01:48:36.286161
78	14	5	5	certificate	2024-12-13 01:48:36.286161	2024-12-13 01:48:36.286161
79	14	6	5	certificate	2024-12-13 01:48:36.286161	2024-12-13 01:48:36.286161
80	14	7	5	certificate	2024-12-13 01:48:36.286161	2024-12-13 01:48:36.286161
81	14	8	5	certificate	2024-12-13 01:48:36.286161	2024-12-13 01:48:36.286161
82	14	8	100	exam	2024-12-13 01:48:36.286161	2024-12-13 01:48:36.286161
83	14	11	5	certificate	2024-12-13 01:48:36.286161	2024-12-13 01:48:36.286161
84	14	11	100	exam	2024-12-13 01:48:36.286161	2024-12-13 01:48:36.286161
85	16	1	5	certificate	2025-01-06 23:48:56.425938	2025-01-06 23:48:56.425938
86	16	1	3	exam	2025-01-06 23:48:56.425938	2025-01-06 23:48:56.425938
87	16	2	5	certificate	2025-01-06 23:48:56.425938	2025-01-06 23:48:56.425938
88	16	3	5	certificate	2025-01-06 23:48:56.425938	2025-01-06 23:48:56.425938
89	16	4	4	certificate	2025-01-06 23:48:56.425938	2025-01-06 23:48:56.425938
90	16	5	3	certificate	2025-01-06 23:48:56.425938	2025-01-06 23:48:56.425938
91	16	6	5	certificate	2025-01-06 23:48:56.425938	2025-01-06 23:48:56.425938
92	16	7	4	certificate	2025-01-06 23:48:56.425938	2025-01-06 23:48:56.425938
93	16	8	4	certificate	2025-01-06 23:48:56.425938	2025-01-06 23:48:56.425938
94	16	8	3	exam	2025-01-06 23:48:56.425938	2025-01-06 23:48:56.425938
95	16	11	3	certificate	2025-01-06 23:48:56.425938	2025-01-06 23:48:56.425938
96	16	11	2	exam	2025-01-06 23:48:56.425938	2025-01-06 23:48:56.425938
97	15	1	6	certificate	2025-01-07 00:09:41.803851	2025-01-07 00:09:41.803851
98	15	1	40	exam	2025-01-07 00:09:41.803851	2025-01-07 00:09:41.803851
99	15	2	2	certificate	2025-01-07 00:09:41.803851	2025-01-07 00:09:41.803851
100	15	3	5	certificate	2025-01-07 00:09:41.803851	2025-01-07 00:09:41.803851
101	15	4	4	certificate	2025-01-07 00:09:41.803851	2025-01-07 00:09:41.803851
102	15	5	3	certificate	2025-01-07 00:09:41.803851	2025-01-07 00:09:41.803851
103	15	6	3	certificate	2025-01-07 00:09:41.803851	2025-01-07 00:09:41.803851
104	15	7	5	certificate	2025-01-07 00:09:41.803851	2025-01-07 00:09:41.803851
105	15	8	2	certificate	2025-01-07 00:09:41.803851	2025-01-07 00:09:41.803851
106	15	8	47	exam	2025-01-07 00:09:41.803851	2025-01-07 00:09:41.803851
107	15	11	4	certificate	2025-01-07 00:09:41.803851	2025-01-07 00:09:41.803851
108	15	11	68	exam	2025-01-07 00:09:41.803851	2025-01-07 00:09:41.803851
109	17	1	3	certificate	2025-01-07 10:22:43.809697	2025-01-07 10:22:43.809697
110	17	1	10	exam	2025-01-07 10:22:43.809697	2025-01-07 10:22:43.809697
111	17	2	4	certificate	2025-01-07 10:22:43.809697	2025-01-07 10:22:43.809697
112	17	3	5	certificate	2025-01-07 10:22:43.809697	2025-01-07 10:22:43.809697
113	17	4	5	certificate	2025-01-07 10:22:43.809697	2025-01-07 10:22:43.809697
114	17	5	3	certificate	2025-01-07 10:22:43.809697	2025-01-07 10:22:43.809697
115	17	6	3	certificate	2025-01-07 10:22:43.809697	2025-01-07 10:22:43.809697
116	17	7	2	certificate	2025-01-07 10:22:43.809697	2025-01-07 10:22:43.809697
117	17	8	2	certificate	2025-01-07 10:22:43.809697	2025-01-07 10:22:43.809697
118	17	8	50	exam	2025-01-07 10:22:43.809697	2025-01-07 10:22:43.809697
119	17	11	3	certificate	2025-01-07 10:22:43.809697	2025-01-07 10:22:43.809697
120	17	11	70	exam	2025-01-07 10:22:43.809697	2025-01-07 10:22:43.809697
\.


--
-- Data for Name: profile_criteria; Type: TABLE DATA; Schema: public; Owner: postgres
--

COPY public.profile_criteria (id, profile_id, subject_id, type, created_at, updated_at) FROM stdin;
105476	21088	1	mandatory	2025-01-12 16:38:58.858219	2025-01-12 16:38:58.858219
105477	21088	7	mandatory	2025-01-12 16:38:58.858219	2025-01-12 16:38:58.858219
105478	21088	2	mandatory	2025-01-12 16:38:58.858219	2025-01-12 16:38:58.858219
105479	21088	3	alternative	2025-01-12 16:38:58.858219	2025-01-12 16:38:58.858219
105480	21088	4	alternative	2025-01-12 16:38:58.858219	2025-01-12 16:38:58.858219
105481	21089	5	mandatory	2025-01-12 16:38:58.868918	2025-01-12 16:38:58.868918
105482	21089	4	mandatory	2025-01-12 16:38:58.868918	2025-01-12 16:38:58.868918
105483	21089	3	mandatory	2025-01-12 16:38:58.868918	2025-01-12 16:38:58.868918
105484	21089	2	alternative	2025-01-12 16:38:58.868918	2025-01-12 16:38:58.868918
105485	21089	1	alternative	2025-01-12 16:38:58.868918	2025-01-12 16:38:58.868918
105486	21090	1	mandatory	2025-01-12 16:38:58.876833	2025-01-12 16:38:58.876833
105487	21090	3	mandatory	2025-01-12 16:38:58.876833	2025-01-12 16:38:58.876833
105488	21090	8	mandatory	2025-01-12 16:38:58.876833	2025-01-12 16:38:58.876833
105489	21090	6	alternative	2025-01-12 16:38:58.876833	2025-01-12 16:38:58.876833
105490	21090	5	alternative	2025-01-12 16:38:58.876833	2025-01-12 16:38:58.876833
105491	21091	7	mandatory	2025-01-12 16:38:58.883993	2025-01-12 16:38:58.883993
105492	21091	4	mandatory	2025-01-12 16:38:58.883993	2025-01-12 16:38:58.883993
37	1	3	mandatory	2024-11-17 23:25:07.073537	2024-11-17 23:25:07.073537
38	1	2	mandatory	2024-11-17 23:25:07.073537	2024-11-17 23:25:07.073537
39	1	1	mandatory	2024-11-17 23:25:07.073537	2024-11-17 23:25:07.073537
105493	21091	5	mandatory	2025-01-12 16:38:58.883993	2025-01-12 16:38:58.883993
41	1	4	alternative	2024-11-17 23:25:07.073537	2024-11-17 23:25:07.073537
42	2	4	mandatory	2024-11-17 23:25:07.073537	2024-11-17 23:25:07.073537
43	2	5	mandatory	2024-11-17 23:25:07.073537	2024-11-17 23:25:07.073537
44	2	6	mandatory	2024-11-17 23:25:07.073537	2024-11-17 23:25:07.073537
45	2	1	alternative	2024-11-17 23:25:07.073537	2024-11-17 23:25:07.073537
46	2	8	alternative	2024-11-17 23:25:07.073537	2024-11-17 23:25:07.073537
105494	21091	11	alternative	2025-01-12 16:38:58.883993	2025-01-12 16:38:58.883993
105495	21091	6	alternative	2025-01-12 16:38:58.883993	2025-01-12 16:38:58.883993
105496	21092	6	mandatory	2025-01-12 16:38:58.891539	2025-01-12 16:38:58.891539
105497	21092	8	mandatory	2025-01-12 16:38:58.891539	2025-01-12 16:38:58.891539
51	4	7	mandatory	2024-11-17 23:25:07.073537	2024-11-17 23:25:07.073537
52	4	8	mandatory	2024-11-17 23:25:07.073537	2024-11-17 23:25:07.073537
105498	21092	3	mandatory	2025-01-12 16:38:58.891539	2025-01-12 16:38:58.891539
54	4	3	alternative	2024-11-17 23:25:07.073537	2024-11-17 23:25:07.073537
55	4	5	alternative	2024-11-17 23:25:07.073537	2024-11-17 23:25:07.073537
105499	21092	7	alternative	2025-01-12 16:38:58.891539	2025-01-12 16:38:58.891539
105500	21092	11	alternative	2025-01-12 16:38:58.891539	2025-01-12 16:38:58.891539
58	1	11	alternative	2024-11-26 00:30:03.275521	2024-11-26 00:30:03.275521
105501	21093	1	mandatory	2025-01-12 16:38:58.90008	2025-01-12 16:38:58.90008
60	4	11	mandatory	2024-11-26 00:31:27.732197	2024-11-26 00:31:27.732197
105502	21093	2	mandatory	2025-01-12 16:38:58.90008	2025-01-12 16:38:58.90008
61	7	8	mandatory	2024-12-18 23:02:17.054088	2024-12-18 23:02:17.054088
62	7	11	mandatory	2024-12-18 23:02:17.054088	2024-12-18 23:02:17.054088
63	7	7	mandatory	2024-12-18 23:02:17.054088	2024-12-18 23:02:17.054088
64	7	5	alternative	2024-12-18 23:02:17.054088	2024-12-18 23:02:17.054088
65	7	6	alternative	2024-12-18 23:02:17.054088	2024-12-18 23:02:17.054088
66	6	8	mandatory	2024-12-18 23:02:52.38603	2024-12-18 23:02:52.38603
67	6	11	mandatory	2024-12-18 23:02:52.38603	2024-12-18 23:02:52.38603
68	6	7	mandatory	2024-12-18 23:02:52.38603	2024-12-18 23:02:52.38603
69	6	6	alternative	2024-12-18 23:02:52.38603	2024-12-18 23:02:52.38603
70	6	1	alternative	2024-12-18 23:02:52.38603	2024-12-18 23:02:52.38603
71	3	1	mandatory	2025-01-06 23:19:06.288479	2025-01-06 23:19:06.288479
72	3	2	alternative	2025-01-06 23:19:06.288479	2025-01-06 23:19:06.288479
73	3	4	mandatory	2025-01-06 23:19:06.288479	2025-01-06 23:19:06.288479
74	3	8	mandatory	2025-01-06 23:19:06.288479	2025-01-06 23:19:06.288479
75	3	11	alternative	2025-01-06 23:19:06.288479	2025-01-06 23:19:06.288479
105503	21093	11	mandatory	2025-01-12 16:38:58.90008	2025-01-12 16:38:58.90008
105504	21093	3	alternative	2025-01-12 16:38:58.90008	2025-01-12 16:38:58.90008
105505	21093	8	alternative	2025-01-12 16:38:58.90008	2025-01-12 16:38:58.90008
105506	21094	3	mandatory	2025-01-12 16:38:58.907525	2025-01-12 16:38:58.907525
105507	21094	1	mandatory	2025-01-12 16:38:58.907525	2025-01-12 16:38:58.907525
105508	21094	4	mandatory	2025-01-12 16:38:58.907525	2025-01-12 16:38:58.907525
105509	21094	5	alternative	2025-01-12 16:38:58.907525	2025-01-12 16:38:58.907525
105510	21094	11	alternative	2025-01-12 16:38:58.907525	2025-01-12 16:38:58.907525
105511	21095	7	mandatory	2025-01-12 16:38:58.913426	2025-01-12 16:38:58.913426
105512	21095	3	mandatory	2025-01-12 16:38:58.913426	2025-01-12 16:38:58.913426
105513	21095	2	mandatory	2025-01-12 16:38:58.913426	2025-01-12 16:38:58.913426
105514	21095	6	alternative	2025-01-12 16:38:58.913426	2025-01-12 16:38:58.913426
105515	21095	1	alternative	2025-01-12 16:38:58.913426	2025-01-12 16:38:58.913426
105516	21096	3	mandatory	2025-01-12 16:38:58.919225	2025-01-12 16:38:58.919225
105517	21096	5	mandatory	2025-01-12 16:38:58.919225	2025-01-12 16:38:58.919225
105518	21096	1	mandatory	2025-01-12 16:38:58.919225	2025-01-12 16:38:58.919225
105519	21096	2	alternative	2025-01-12 16:38:58.919225	2025-01-12 16:38:58.919225
105520	21096	8	alternative	2025-01-12 16:38:58.919225	2025-01-12 16:38:58.919225
105521	21097	3	mandatory	2025-01-12 16:38:58.925653	2025-01-12 16:38:58.925653
105522	21097	2	mandatory	2025-01-12 16:38:58.925653	2025-01-12 16:38:58.925653
105523	21097	6	mandatory	2025-01-12 16:38:58.925653	2025-01-12 16:38:58.925653
105524	21097	4	alternative	2025-01-12 16:38:58.925653	2025-01-12 16:38:58.925653
105525	21097	11	alternative	2025-01-12 16:38:58.925653	2025-01-12 16:38:58.925653
105526	21098	1	mandatory	2025-01-12 16:38:58.931276	2025-01-12 16:38:58.931276
105527	21098	8	mandatory	2025-01-12 16:38:58.931276	2025-01-12 16:38:58.931276
105528	21098	2	mandatory	2025-01-12 16:38:58.931276	2025-01-12 16:38:58.931276
105529	21098	4	alternative	2025-01-12 16:38:58.931276	2025-01-12 16:38:58.931276
105530	21098	7	alternative	2025-01-12 16:38:58.931276	2025-01-12 16:38:58.931276
105531	21099	2	mandatory	2025-01-12 16:38:58.936765	2025-01-12 16:38:58.936765
105532	21099	4	mandatory	2025-01-12 16:38:58.936765	2025-01-12 16:38:58.936765
105533	21099	1	mandatory	2025-01-12 16:38:58.936765	2025-01-12 16:38:58.936765
105534	21099	5	alternative	2025-01-12 16:38:58.936765	2025-01-12 16:38:58.936765
105535	21099	3	alternative	2025-01-12 16:38:58.936765	2025-01-12 16:38:58.936765
105536	21100	3	mandatory	2025-01-12 16:38:58.942558	2025-01-12 16:38:58.942558
105537	21100	1	mandatory	2025-01-12 16:38:58.942558	2025-01-12 16:38:58.942558
105538	21100	11	mandatory	2025-01-12 16:38:58.942558	2025-01-12 16:38:58.942558
105539	21100	5	alternative	2025-01-12 16:38:58.942558	2025-01-12 16:38:58.942558
105540	21100	6	alternative	2025-01-12 16:38:58.942558	2025-01-12 16:38:58.942558
105541	21101	6	mandatory	2025-01-12 16:38:58.948001	2025-01-12 16:38:58.948001
105542	21101	5	mandatory	2025-01-12 16:38:58.948001	2025-01-12 16:38:58.948001
105543	21101	11	mandatory	2025-01-12 16:38:58.948001	2025-01-12 16:38:58.948001
105544	21101	7	alternative	2025-01-12 16:38:58.948001	2025-01-12 16:38:58.948001
105545	21101	3	alternative	2025-01-12 16:38:58.948001	2025-01-12 16:38:58.948001
105546	21102	11	mandatory	2025-01-12 16:38:58.953151	2025-01-12 16:38:58.953151
105547	21102	5	mandatory	2025-01-12 16:38:58.953151	2025-01-12 16:38:58.953151
105548	21102	3	mandatory	2025-01-12 16:38:58.953151	2025-01-12 16:38:58.953151
105549	21102	7	alternative	2025-01-12 16:38:58.953151	2025-01-12 16:38:58.953151
105550	21102	4	alternative	2025-01-12 16:38:58.953151	2025-01-12 16:38:58.953151
105551	21103	6	mandatory	2025-01-12 16:38:58.958602	2025-01-12 16:38:58.958602
105552	21103	8	mandatory	2025-01-12 16:38:58.958602	2025-01-12 16:38:58.958602
105553	21103	5	mandatory	2025-01-12 16:38:58.958602	2025-01-12 16:38:58.958602
105554	21103	4	alternative	2025-01-12 16:38:58.958602	2025-01-12 16:38:58.958602
105555	21103	11	alternative	2025-01-12 16:38:58.958602	2025-01-12 16:38:58.958602
105556	21104	7	mandatory	2025-01-12 16:38:58.963757	2025-01-12 16:38:58.963757
105557	21104	4	mandatory	2025-01-12 16:38:58.963757	2025-01-12 16:38:58.963757
105558	21104	3	mandatory	2025-01-12 16:38:58.963757	2025-01-12 16:38:58.963757
105559	21104	11	alternative	2025-01-12 16:38:58.963757	2025-01-12 16:38:58.963757
105560	21104	6	alternative	2025-01-12 16:38:58.963757	2025-01-12 16:38:58.963757
105561	21105	7	mandatory	2025-01-12 16:38:58.968804	2025-01-12 16:38:58.968804
105562	21105	8	mandatory	2025-01-12 16:38:58.968804	2025-01-12 16:38:58.968804
105563	21105	3	mandatory	2025-01-12 16:38:58.968804	2025-01-12 16:38:58.968804
105564	21105	5	alternative	2025-01-12 16:38:58.968804	2025-01-12 16:38:58.968804
105565	21105	6	alternative	2025-01-12 16:38:58.968804	2025-01-12 16:38:58.968804
105566	21106	6	mandatory	2025-01-12 16:38:58.974343	2025-01-12 16:38:58.974343
105567	21106	1	mandatory	2025-01-12 16:38:58.974343	2025-01-12 16:38:58.974343
105568	21106	4	mandatory	2025-01-12 16:38:58.974343	2025-01-12 16:38:58.974343
105569	21106	11	alternative	2025-01-12 16:38:58.974343	2025-01-12 16:38:58.974343
105570	21106	7	alternative	2025-01-12 16:38:58.974343	2025-01-12 16:38:58.974343
105571	21107	2	mandatory	2025-01-12 16:38:58.979546	2025-01-12 16:38:58.979546
105572	21107	1	mandatory	2025-01-12 16:38:58.979546	2025-01-12 16:38:58.979546
105573	21107	3	mandatory	2025-01-12 16:38:58.979546	2025-01-12 16:38:58.979546
105574	21107	4	alternative	2025-01-12 16:38:58.979546	2025-01-12 16:38:58.979546
105575	21107	11	alternative	2025-01-12 16:38:58.979546	2025-01-12 16:38:58.979546
105576	21108	6	mandatory	2025-01-12 16:38:58.985095	2025-01-12 16:38:58.985095
105577	21108	8	mandatory	2025-01-12 16:38:58.985095	2025-01-12 16:38:58.985095
105578	21108	4	mandatory	2025-01-12 16:38:58.985095	2025-01-12 16:38:58.985095
105579	21108	11	alternative	2025-01-12 16:38:58.985095	2025-01-12 16:38:58.985095
105580	21108	3	alternative	2025-01-12 16:38:58.985095	2025-01-12 16:38:58.985095
105581	21109	1	mandatory	2025-01-12 16:38:58.990603	2025-01-12 16:38:58.990603
105582	21109	11	mandatory	2025-01-12 16:38:58.990603	2025-01-12 16:38:58.990603
105583	21109	2	mandatory	2025-01-12 16:38:58.990603	2025-01-12 16:38:58.990603
105584	21109	6	alternative	2025-01-12 16:38:58.990603	2025-01-12 16:38:58.990603
105585	21109	3	alternative	2025-01-12 16:38:58.990603	2025-01-12 16:38:58.990603
105586	21110	4	mandatory	2025-01-12 16:38:58.996735	2025-01-12 16:38:58.996735
105587	21110	7	mandatory	2025-01-12 16:38:58.996735	2025-01-12 16:38:58.996735
105588	21110	5	mandatory	2025-01-12 16:38:58.996735	2025-01-12 16:38:58.996735
105589	21110	6	alternative	2025-01-12 16:38:58.996735	2025-01-12 16:38:58.996735
105590	21110	1	alternative	2025-01-12 16:38:58.996735	2025-01-12 16:38:58.996735
105591	21111	8	mandatory	2025-01-12 16:38:59.003486	2025-01-12 16:38:59.003486
105592	21111	4	mandatory	2025-01-12 16:38:59.003486	2025-01-12 16:38:59.003486
105593	21111	1	mandatory	2025-01-12 16:38:59.003486	2025-01-12 16:38:59.003486
105594	21111	6	alternative	2025-01-12 16:38:59.003486	2025-01-12 16:38:59.003486
105595	21111	5	alternative	2025-01-12 16:38:59.003486	2025-01-12 16:38:59.003486
105596	21112	6	mandatory	2025-01-12 16:38:59.009687	2025-01-12 16:38:59.009687
105597	21112	11	mandatory	2025-01-12 16:38:59.009687	2025-01-12 16:38:59.009687
105598	21112	8	mandatory	2025-01-12 16:38:59.009687	2025-01-12 16:38:59.009687
105599	21112	1	alternative	2025-01-12 16:38:59.009687	2025-01-12 16:38:59.009687
105600	21112	2	alternative	2025-01-12 16:38:59.009687	2025-01-12 16:38:59.009687
105601	21113	8	mandatory	2025-01-12 16:38:59.015713	2025-01-12 16:38:59.015713
105602	21113	3	mandatory	2025-01-12 16:38:59.015713	2025-01-12 16:38:59.015713
105603	21113	6	mandatory	2025-01-12 16:38:59.015713	2025-01-12 16:38:59.015713
105604	21113	11	alternative	2025-01-12 16:38:59.015713	2025-01-12 16:38:59.015713
105605	21113	1	alternative	2025-01-12 16:38:59.015713	2025-01-12 16:38:59.015713
105606	21114	3	mandatory	2025-01-12 16:38:59.021692	2025-01-12 16:38:59.021692
105607	21114	6	mandatory	2025-01-12 16:38:59.021692	2025-01-12 16:38:59.021692
105608	21114	4	mandatory	2025-01-12 16:38:59.021692	2025-01-12 16:38:59.021692
105609	21114	2	alternative	2025-01-12 16:38:59.021692	2025-01-12 16:38:59.021692
105610	21114	5	alternative	2025-01-12 16:38:59.021692	2025-01-12 16:38:59.021692
105611	21115	8	mandatory	2025-01-12 16:38:59.028649	2025-01-12 16:38:59.028649
105612	21115	2	mandatory	2025-01-12 16:38:59.028649	2025-01-12 16:38:59.028649
105613	21115	1	mandatory	2025-01-12 16:38:59.028649	2025-01-12 16:38:59.028649
105614	21115	6	alternative	2025-01-12 16:38:59.028649	2025-01-12 16:38:59.028649
105615	21115	7	alternative	2025-01-12 16:38:59.028649	2025-01-12 16:38:59.028649
105616	21116	6	mandatory	2025-01-12 16:38:59.035171	2025-01-12 16:38:59.035171
105617	21116	4	mandatory	2025-01-12 16:38:59.035171	2025-01-12 16:38:59.035171
105618	21116	5	mandatory	2025-01-12 16:38:59.035171	2025-01-12 16:38:59.035171
105619	21116	8	alternative	2025-01-12 16:38:59.035171	2025-01-12 16:38:59.035171
105620	21116	1	alternative	2025-01-12 16:38:59.035171	2025-01-12 16:38:59.035171
105621	21117	8	mandatory	2025-01-12 16:38:59.041772	2025-01-12 16:38:59.041772
105622	21117	7	mandatory	2025-01-12 16:38:59.041772	2025-01-12 16:38:59.041772
105623	21117	1	mandatory	2025-01-12 16:38:59.041772	2025-01-12 16:38:59.041772
105624	21117	4	alternative	2025-01-12 16:38:59.041772	2025-01-12 16:38:59.041772
105625	21117	11	alternative	2025-01-12 16:38:59.041772	2025-01-12 16:38:59.041772
105626	21118	4	mandatory	2025-01-12 16:38:59.048886	2025-01-12 16:38:59.048886
105627	21118	3	mandatory	2025-01-12 16:38:59.048886	2025-01-12 16:38:59.048886
105628	21118	6	mandatory	2025-01-12 16:38:59.048886	2025-01-12 16:38:59.048886
105629	21118	2	alternative	2025-01-12 16:38:59.048886	2025-01-12 16:38:59.048886
105630	21118	1	alternative	2025-01-12 16:38:59.048886	2025-01-12 16:38:59.048886
105631	21119	2	mandatory	2025-01-12 16:38:59.056039	2025-01-12 16:38:59.056039
105632	21119	11	mandatory	2025-01-12 16:38:59.056039	2025-01-12 16:38:59.056039
105633	21119	6	mandatory	2025-01-12 16:38:59.056039	2025-01-12 16:38:59.056039
105634	21119	4	alternative	2025-01-12 16:38:59.056039	2025-01-12 16:38:59.056039
105635	21119	5	alternative	2025-01-12 16:38:59.056039	2025-01-12 16:38:59.056039
105636	21120	1	mandatory	2025-01-12 16:38:59.06222	2025-01-12 16:38:59.06222
105637	21120	2	mandatory	2025-01-12 16:38:59.06222	2025-01-12 16:38:59.06222
105638	21120	4	mandatory	2025-01-12 16:38:59.06222	2025-01-12 16:38:59.06222
105639	21120	3	alternative	2025-01-12 16:38:59.06222	2025-01-12 16:38:59.06222
105640	21120	11	alternative	2025-01-12 16:38:59.06222	2025-01-12 16:38:59.06222
105641	21121	1	mandatory	2025-01-12 16:38:59.068909	2025-01-12 16:38:59.068909
105642	21121	2	mandatory	2025-01-12 16:38:59.068909	2025-01-12 16:38:59.068909
105643	21121	6	mandatory	2025-01-12 16:38:59.068909	2025-01-12 16:38:59.068909
105644	21121	5	alternative	2025-01-12 16:38:59.068909	2025-01-12 16:38:59.068909
105645	21121	3	alternative	2025-01-12 16:38:59.068909	2025-01-12 16:38:59.068909
105646	21122	1	mandatory	2025-01-12 16:38:59.075632	2025-01-12 16:38:59.075632
105647	21122	7	mandatory	2025-01-12 16:38:59.075632	2025-01-12 16:38:59.075632
105648	21122	2	mandatory	2025-01-12 16:38:59.075632	2025-01-12 16:38:59.075632
105649	21122	3	alternative	2025-01-12 16:38:59.075632	2025-01-12 16:38:59.075632
105650	21122	4	alternative	2025-01-12 16:38:59.075632	2025-01-12 16:38:59.075632
105651	21123	7	mandatory	2025-01-12 16:38:59.08268	2025-01-12 16:38:59.08268
105652	21123	4	mandatory	2025-01-12 16:38:59.08268	2025-01-12 16:38:59.08268
105653	21123	8	mandatory	2025-01-12 16:38:59.08268	2025-01-12 16:38:59.08268
105654	21123	11	alternative	2025-01-12 16:38:59.08268	2025-01-12 16:38:59.08268
105655	21123	3	alternative	2025-01-12 16:38:59.08268	2025-01-12 16:38:59.08268
105656	21124	1	mandatory	2025-01-12 16:38:59.089304	2025-01-12 16:38:59.089304
105657	21124	2	mandatory	2025-01-12 16:38:59.089304	2025-01-12 16:38:59.089304
105658	21124	5	mandatory	2025-01-12 16:38:59.089304	2025-01-12 16:38:59.089304
105659	21124	3	alternative	2025-01-12 16:38:59.089304	2025-01-12 16:38:59.089304
105660	21124	4	alternative	2025-01-12 16:38:59.089304	2025-01-12 16:38:59.089304
105661	21125	11	mandatory	2025-01-12 16:38:59.095991	2025-01-12 16:38:59.095991
105662	21125	2	mandatory	2025-01-12 16:38:59.095991	2025-01-12 16:38:59.095991
105663	21125	7	mandatory	2025-01-12 16:38:59.095991	2025-01-12 16:38:59.095991
105664	21125	3	alternative	2025-01-12 16:38:59.095991	2025-01-12 16:38:59.095991
105665	21125	1	alternative	2025-01-12 16:38:59.095991	2025-01-12 16:38:59.095991
105666	21126	4	mandatory	2025-01-12 16:38:59.102349	2025-01-12 16:38:59.102349
105667	21126	7	mandatory	2025-01-12 16:38:59.102349	2025-01-12 16:38:59.102349
105668	21126	3	mandatory	2025-01-12 16:38:59.102349	2025-01-12 16:38:59.102349
105669	21126	8	alternative	2025-01-12 16:38:59.102349	2025-01-12 16:38:59.102349
105670	21126	11	alternative	2025-01-12 16:38:59.102349	2025-01-12 16:38:59.102349
105671	21127	8	mandatory	2025-01-12 16:38:59.108762	2025-01-12 16:38:59.108762
105672	21127	4	mandatory	2025-01-12 16:38:59.108762	2025-01-12 16:38:59.108762
105673	21127	1	mandatory	2025-01-12 16:38:59.108762	2025-01-12 16:38:59.108762
105674	21127	2	alternative	2025-01-12 16:38:59.108762	2025-01-12 16:38:59.108762
105675	21127	11	alternative	2025-01-12 16:38:59.108762	2025-01-12 16:38:59.108762
105676	21128	8	mandatory	2025-01-12 16:38:59.11541	2025-01-12 16:38:59.11541
105677	21128	7	mandatory	2025-01-12 16:38:59.11541	2025-01-12 16:38:59.11541
105678	21128	2	mandatory	2025-01-12 16:38:59.11541	2025-01-12 16:38:59.11541
105679	21128	6	alternative	2025-01-12 16:38:59.11541	2025-01-12 16:38:59.11541
105680	21128	5	alternative	2025-01-12 16:38:59.11541	2025-01-12 16:38:59.11541
105681	21129	5	mandatory	2025-01-12 16:38:59.122734	2025-01-12 16:38:59.122734
105682	21129	4	mandatory	2025-01-12 16:38:59.122734	2025-01-12 16:38:59.122734
105683	21129	2	mandatory	2025-01-12 16:38:59.122734	2025-01-12 16:38:59.122734
105684	21129	7	alternative	2025-01-12 16:38:59.122734	2025-01-12 16:38:59.122734
105685	21129	1	alternative	2025-01-12 16:38:59.122734	2025-01-12 16:38:59.122734
105686	21130	4	mandatory	2025-01-12 16:38:59.129539	2025-01-12 16:38:59.129539
105687	21130	8	mandatory	2025-01-12 16:38:59.129539	2025-01-12 16:38:59.129539
105688	21130	3	mandatory	2025-01-12 16:38:59.129539	2025-01-12 16:38:59.129539
105689	21130	5	alternative	2025-01-12 16:38:59.129539	2025-01-12 16:38:59.129539
105690	21130	7	alternative	2025-01-12 16:38:59.129539	2025-01-12 16:38:59.129539
105691	21131	7	mandatory	2025-01-12 16:38:59.136906	2025-01-12 16:38:59.136906
105692	21131	2	mandatory	2025-01-12 16:38:59.136906	2025-01-12 16:38:59.136906
105693	21131	1	mandatory	2025-01-12 16:38:59.136906	2025-01-12 16:38:59.136906
105694	21131	5	alternative	2025-01-12 16:38:59.136906	2025-01-12 16:38:59.136906
105695	21131	3	alternative	2025-01-12 16:38:59.136906	2025-01-12 16:38:59.136906
105696	21132	3	mandatory	2025-01-12 16:38:59.143463	2025-01-12 16:38:59.143463
105697	21132	1	mandatory	2025-01-12 16:38:59.143463	2025-01-12 16:38:59.143463
105698	21132	11	mandatory	2025-01-12 16:38:59.143463	2025-01-12 16:38:59.143463
105699	21132	8	alternative	2025-01-12 16:38:59.143463	2025-01-12 16:38:59.143463
105700	21132	6	alternative	2025-01-12 16:38:59.143463	2025-01-12 16:38:59.143463
105701	21133	1	mandatory	2025-01-12 16:38:59.149785	2025-01-12 16:38:59.149785
105702	21133	2	mandatory	2025-01-12 16:38:59.149785	2025-01-12 16:38:59.149785
105703	21133	7	mandatory	2025-01-12 16:38:59.149785	2025-01-12 16:38:59.149785
105704	21133	11	alternative	2025-01-12 16:38:59.149785	2025-01-12 16:38:59.149785
105705	21133	5	alternative	2025-01-12 16:38:59.149785	2025-01-12 16:38:59.149785
105706	21134	6	mandatory	2025-01-12 16:38:59.155501	2025-01-12 16:38:59.155501
105707	21134	1	mandatory	2025-01-12 16:38:59.155501	2025-01-12 16:38:59.155501
105708	21134	2	mandatory	2025-01-12 16:38:59.155501	2025-01-12 16:38:59.155501
105709	21134	5	alternative	2025-01-12 16:38:59.155501	2025-01-12 16:38:59.155501
105710	21134	8	alternative	2025-01-12 16:38:59.155501	2025-01-12 16:38:59.155501
105711	21135	7	mandatory	2025-01-12 16:38:59.162043	2025-01-12 16:38:59.162043
105712	21135	4	mandatory	2025-01-12 16:38:59.162043	2025-01-12 16:38:59.162043
105713	21135	1	mandatory	2025-01-12 16:38:59.162043	2025-01-12 16:38:59.162043
105714	21135	11	alternative	2025-01-12 16:38:59.162043	2025-01-12 16:38:59.162043
105715	21135	3	alternative	2025-01-12 16:38:59.162043	2025-01-12 16:38:59.162043
105716	21136	8	mandatory	2025-01-12 16:38:59.169409	2025-01-12 16:38:59.169409
105717	21136	5	mandatory	2025-01-12 16:38:59.169409	2025-01-12 16:38:59.169409
105718	21136	1	mandatory	2025-01-12 16:38:59.169409	2025-01-12 16:38:59.169409
105719	21136	7	alternative	2025-01-12 16:38:59.169409	2025-01-12 16:38:59.169409
105720	21136	6	alternative	2025-01-12 16:38:59.169409	2025-01-12 16:38:59.169409
105721	21137	7	mandatory	2025-01-12 16:38:59.175472	2025-01-12 16:38:59.175472
105722	21137	5	mandatory	2025-01-12 16:38:59.175472	2025-01-12 16:38:59.175472
105723	21137	6	mandatory	2025-01-12 16:38:59.175472	2025-01-12 16:38:59.175472
105724	21137	4	alternative	2025-01-12 16:38:59.175472	2025-01-12 16:38:59.175472
105725	21137	3	alternative	2025-01-12 16:38:59.175472	2025-01-12 16:38:59.175472
105726	21138	1	mandatory	2025-01-12 16:38:59.18093	2025-01-12 16:38:59.18093
105727	21138	2	mandatory	2025-01-12 16:38:59.18093	2025-01-12 16:38:59.18093
105728	21138	11	mandatory	2025-01-12 16:38:59.18093	2025-01-12 16:38:59.18093
105729	21138	7	alternative	2025-01-12 16:38:59.18093	2025-01-12 16:38:59.18093
105730	21138	3	alternative	2025-01-12 16:38:59.18093	2025-01-12 16:38:59.18093
105731	21139	11	mandatory	2025-01-12 16:38:59.185952	2025-01-12 16:38:59.185952
105732	21139	7	mandatory	2025-01-12 16:38:59.185952	2025-01-12 16:38:59.185952
105733	21139	8	mandatory	2025-01-12 16:38:59.185952	2025-01-12 16:38:59.185952
105734	21139	5	alternative	2025-01-12 16:38:59.185952	2025-01-12 16:38:59.185952
105735	21139	4	alternative	2025-01-12 16:38:59.185952	2025-01-12 16:38:59.185952
105736	21140	6	mandatory	2025-01-12 16:38:59.191389	2025-01-12 16:38:59.191389
105737	21140	5	mandatory	2025-01-12 16:38:59.191389	2025-01-12 16:38:59.191389
105738	21140	4	mandatory	2025-01-12 16:38:59.191389	2025-01-12 16:38:59.191389
105739	21140	11	alternative	2025-01-12 16:38:59.191389	2025-01-12 16:38:59.191389
105740	21140	3	alternative	2025-01-12 16:38:59.191389	2025-01-12 16:38:59.191389
105741	21141	8	mandatory	2025-01-12 16:38:59.198403	2025-01-12 16:38:59.198403
105742	21141	4	mandatory	2025-01-12 16:38:59.198403	2025-01-12 16:38:59.198403
105743	21141	7	mandatory	2025-01-12 16:38:59.198403	2025-01-12 16:38:59.198403
105744	21141	11	alternative	2025-01-12 16:38:59.198403	2025-01-12 16:38:59.198403
105745	21141	1	alternative	2025-01-12 16:38:59.198403	2025-01-12 16:38:59.198403
105746	21142	7	mandatory	2025-01-12 16:38:59.208562	2025-01-12 16:38:59.208562
105747	21142	5	mandatory	2025-01-12 16:38:59.208562	2025-01-12 16:38:59.208562
105748	21142	4	mandatory	2025-01-12 16:38:59.208562	2025-01-12 16:38:59.208562
105749	21142	3	alternative	2025-01-12 16:38:59.208562	2025-01-12 16:38:59.208562
105750	21142	8	alternative	2025-01-12 16:38:59.208562	2025-01-12 16:38:59.208562
105751	21143	7	mandatory	2025-01-12 16:38:59.215292	2025-01-12 16:38:59.215292
105752	21143	3	mandatory	2025-01-12 16:38:59.215292	2025-01-12 16:38:59.215292
105753	21143	8	mandatory	2025-01-12 16:38:59.215292	2025-01-12 16:38:59.215292
105754	21143	4	alternative	2025-01-12 16:38:59.215292	2025-01-12 16:38:59.215292
105755	21143	5	alternative	2025-01-12 16:38:59.215292	2025-01-12 16:38:59.215292
105756	21144	1	mandatory	2025-01-12 16:38:59.223354	2025-01-12 16:38:59.223354
105757	21144	5	mandatory	2025-01-12 16:38:59.223354	2025-01-12 16:38:59.223354
105758	21144	8	mandatory	2025-01-12 16:38:59.223354	2025-01-12 16:38:59.223354
105759	21144	4	alternative	2025-01-12 16:38:59.223354	2025-01-12 16:38:59.223354
105760	21144	6	alternative	2025-01-12 16:38:59.223354	2025-01-12 16:38:59.223354
105761	21145	4	mandatory	2025-01-12 16:38:59.230046	2025-01-12 16:38:59.230046
105762	21145	3	mandatory	2025-01-12 16:38:59.230046	2025-01-12 16:38:59.230046
105763	21145	11	mandatory	2025-01-12 16:38:59.230046	2025-01-12 16:38:59.230046
105764	21145	5	alternative	2025-01-12 16:38:59.230046	2025-01-12 16:38:59.230046
105765	21145	6	alternative	2025-01-12 16:38:59.230046	2025-01-12 16:38:59.230046
105766	21146	3	mandatory	2025-01-12 16:38:59.23745	2025-01-12 16:38:59.23745
105767	21146	1	mandatory	2025-01-12 16:38:59.23745	2025-01-12 16:38:59.23745
105768	21146	2	mandatory	2025-01-12 16:38:59.23745	2025-01-12 16:38:59.23745
105769	21146	5	alternative	2025-01-12 16:38:59.23745	2025-01-12 16:38:59.23745
105770	21146	7	alternative	2025-01-12 16:38:59.23745	2025-01-12 16:38:59.23745
105771	21147	6	mandatory	2025-01-12 16:38:59.244675	2025-01-12 16:38:59.244675
105772	21147	7	mandatory	2025-01-12 16:38:59.244675	2025-01-12 16:38:59.244675
105773	21147	2	mandatory	2025-01-12 16:38:59.244675	2025-01-12 16:38:59.244675
105774	21147	8	alternative	2025-01-12 16:38:59.244675	2025-01-12 16:38:59.244675
105775	21147	3	alternative	2025-01-12 16:38:59.244675	2025-01-12 16:38:59.244675
105776	21148	6	mandatory	2025-01-12 16:38:59.251251	2025-01-12 16:38:59.251251
105777	21148	8	mandatory	2025-01-12 16:38:59.251251	2025-01-12 16:38:59.251251
105778	21148	7	mandatory	2025-01-12 16:38:59.251251	2025-01-12 16:38:59.251251
105779	21148	3	alternative	2025-01-12 16:38:59.251251	2025-01-12 16:38:59.251251
105780	21148	2	alternative	2025-01-12 16:38:59.251251	2025-01-12 16:38:59.251251
105781	21149	2	mandatory	2025-01-12 16:38:59.256544	2025-01-12 16:38:59.256544
105782	21149	8	mandatory	2025-01-12 16:38:59.256544	2025-01-12 16:38:59.256544
105783	21149	5	mandatory	2025-01-12 16:38:59.256544	2025-01-12 16:38:59.256544
105784	21149	11	alternative	2025-01-12 16:38:59.256544	2025-01-12 16:38:59.256544
105785	21149	1	alternative	2025-01-12 16:38:59.256544	2025-01-12 16:38:59.256544
105786	21150	8	mandatory	2025-01-12 16:38:59.263835	2025-01-12 16:38:59.263835
105787	21150	1	mandatory	2025-01-12 16:38:59.263835	2025-01-12 16:38:59.263835
105788	21150	2	mandatory	2025-01-12 16:38:59.263835	2025-01-12 16:38:59.263835
105789	21150	7	alternative	2025-01-12 16:38:59.263835	2025-01-12 16:38:59.263835
105790	21150	3	alternative	2025-01-12 16:38:59.263835	2025-01-12 16:38:59.263835
105791	21151	7	mandatory	2025-01-12 16:38:59.269159	2025-01-12 16:38:59.269159
105792	21151	1	mandatory	2025-01-12 16:38:59.269159	2025-01-12 16:38:59.269159
105793	21151	5	mandatory	2025-01-12 16:38:59.269159	2025-01-12 16:38:59.269159
105794	21151	6	alternative	2025-01-12 16:38:59.269159	2025-01-12 16:38:59.269159
105795	21151	4	alternative	2025-01-12 16:38:59.269159	2025-01-12 16:38:59.269159
105796	21152	8	mandatory	2025-01-12 16:38:59.275643	2025-01-12 16:38:59.275643
105797	21152	3	mandatory	2025-01-12 16:38:59.275643	2025-01-12 16:38:59.275643
105798	21152	4	mandatory	2025-01-12 16:38:59.275643	2025-01-12 16:38:59.275643
105799	21152	2	alternative	2025-01-12 16:38:59.275643	2025-01-12 16:38:59.275643
105800	21152	7	alternative	2025-01-12 16:38:59.275643	2025-01-12 16:38:59.275643
105801	21153	3	mandatory	2025-01-12 16:38:59.283584	2025-01-12 16:38:59.283584
105802	21153	11	mandatory	2025-01-12 16:38:59.283584	2025-01-12 16:38:59.283584
105803	21153	2	mandatory	2025-01-12 16:38:59.283584	2025-01-12 16:38:59.283584
105804	21153	6	alternative	2025-01-12 16:38:59.283584	2025-01-12 16:38:59.283584
105805	21153	7	alternative	2025-01-12 16:38:59.283584	2025-01-12 16:38:59.283584
105806	21154	5	mandatory	2025-01-12 16:38:59.288953	2025-01-12 16:38:59.288953
105807	21154	2	mandatory	2025-01-12 16:38:59.288953	2025-01-12 16:38:59.288953
105808	21154	11	mandatory	2025-01-12 16:38:59.288953	2025-01-12 16:38:59.288953
105809	21154	6	alternative	2025-01-12 16:38:59.288953	2025-01-12 16:38:59.288953
105810	21154	3	alternative	2025-01-12 16:38:59.288953	2025-01-12 16:38:59.288953
105811	21155	8	mandatory	2025-01-12 16:38:59.294975	2025-01-12 16:38:59.294975
105812	21155	1	mandatory	2025-01-12 16:38:59.294975	2025-01-12 16:38:59.294975
105813	21155	2	mandatory	2025-01-12 16:38:59.294975	2025-01-12 16:38:59.294975
105814	21155	7	alternative	2025-01-12 16:38:59.294975	2025-01-12 16:38:59.294975
105815	21155	3	alternative	2025-01-12 16:38:59.294975	2025-01-12 16:38:59.294975
105816	21156	2	mandatory	2025-01-12 16:38:59.300364	2025-01-12 16:38:59.300364
105817	21156	4	mandatory	2025-01-12 16:38:59.300364	2025-01-12 16:38:59.300364
105818	21156	8	mandatory	2025-01-12 16:38:59.300364	2025-01-12 16:38:59.300364
105819	21156	1	alternative	2025-01-12 16:38:59.300364	2025-01-12 16:38:59.300364
105820	21156	3	alternative	2025-01-12 16:38:59.300364	2025-01-12 16:38:59.300364
105821	21157	2	mandatory	2025-01-12 16:38:59.306839	2025-01-12 16:38:59.306839
105822	21157	4	mandatory	2025-01-12 16:38:59.306839	2025-01-12 16:38:59.306839
105823	21157	6	mandatory	2025-01-12 16:38:59.306839	2025-01-12 16:38:59.306839
105824	21157	8	alternative	2025-01-12 16:38:59.306839	2025-01-12 16:38:59.306839
105825	21157	5	alternative	2025-01-12 16:38:59.306839	2025-01-12 16:38:59.306839
105826	21158	4	mandatory	2025-01-12 16:38:59.313382	2025-01-12 16:38:59.313382
105827	21158	1	mandatory	2025-01-12 16:38:59.313382	2025-01-12 16:38:59.313382
105828	21158	7	mandatory	2025-01-12 16:38:59.313382	2025-01-12 16:38:59.313382
105829	21158	5	alternative	2025-01-12 16:38:59.313382	2025-01-12 16:38:59.313382
105830	21158	6	alternative	2025-01-12 16:38:59.313382	2025-01-12 16:38:59.313382
105831	21159	8	mandatory	2025-01-12 16:38:59.320116	2025-01-12 16:38:59.320116
105832	21159	2	mandatory	2025-01-12 16:38:59.320116	2025-01-12 16:38:59.320116
105833	21159	4	mandatory	2025-01-12 16:38:59.320116	2025-01-12 16:38:59.320116
105834	21159	5	alternative	2025-01-12 16:38:59.320116	2025-01-12 16:38:59.320116
105835	21159	7	alternative	2025-01-12 16:38:59.320116	2025-01-12 16:38:59.320116
105836	21160	4	mandatory	2025-01-12 16:38:59.327152	2025-01-12 16:38:59.327152
105837	21160	3	mandatory	2025-01-12 16:38:59.327152	2025-01-12 16:38:59.327152
105838	21160	2	mandatory	2025-01-12 16:38:59.327152	2025-01-12 16:38:59.327152
105839	21160	1	alternative	2025-01-12 16:38:59.327152	2025-01-12 16:38:59.327152
105840	21160	5	alternative	2025-01-12 16:38:59.327152	2025-01-12 16:38:59.327152
105841	21161	5	mandatory	2025-01-12 16:38:59.333533	2025-01-12 16:38:59.333533
105842	21161	8	mandatory	2025-01-12 16:38:59.333533	2025-01-12 16:38:59.333533
105843	21161	4	mandatory	2025-01-12 16:38:59.333533	2025-01-12 16:38:59.333533
105844	21161	3	alternative	2025-01-12 16:38:59.333533	2025-01-12 16:38:59.333533
105845	21161	7	alternative	2025-01-12 16:38:59.333533	2025-01-12 16:38:59.333533
105846	21162	5	mandatory	2025-01-12 16:38:59.340981	2025-01-12 16:38:59.340981
105847	21162	1	mandatory	2025-01-12 16:38:59.340981	2025-01-12 16:38:59.340981
105848	21162	8	mandatory	2025-01-12 16:38:59.340981	2025-01-12 16:38:59.340981
105849	21162	3	alternative	2025-01-12 16:38:59.340981	2025-01-12 16:38:59.340981
105850	21162	2	alternative	2025-01-12 16:38:59.340981	2025-01-12 16:38:59.340981
105851	21163	2	mandatory	2025-01-12 16:38:59.347634	2025-01-12 16:38:59.347634
105852	21163	5	mandatory	2025-01-12 16:38:59.347634	2025-01-12 16:38:59.347634
105853	21163	11	mandatory	2025-01-12 16:38:59.347634	2025-01-12 16:38:59.347634
105854	21163	4	alternative	2025-01-12 16:38:59.347634	2025-01-12 16:38:59.347634
105855	21163	8	alternative	2025-01-12 16:38:59.347634	2025-01-12 16:38:59.347634
105856	21164	4	mandatory	2025-01-12 16:38:59.357282	2025-01-12 16:38:59.357282
105857	21164	7	mandatory	2025-01-12 16:38:59.357282	2025-01-12 16:38:59.357282
105858	21164	3	mandatory	2025-01-12 16:38:59.357282	2025-01-12 16:38:59.357282
105859	21164	6	alternative	2025-01-12 16:38:59.357282	2025-01-12 16:38:59.357282
105860	21164	2	alternative	2025-01-12 16:38:59.357282	2025-01-12 16:38:59.357282
105861	21165	7	mandatory	2025-01-12 16:38:59.363876	2025-01-12 16:38:59.363876
105862	21165	5	mandatory	2025-01-12 16:38:59.363876	2025-01-12 16:38:59.363876
105863	21165	1	mandatory	2025-01-12 16:38:59.363876	2025-01-12 16:38:59.363876
105864	21165	4	alternative	2025-01-12 16:38:59.363876	2025-01-12 16:38:59.363876
105865	21165	2	alternative	2025-01-12 16:38:59.363876	2025-01-12 16:38:59.363876
105866	21166	2	mandatory	2025-01-12 16:38:59.370634	2025-01-12 16:38:59.370634
105867	21166	1	mandatory	2025-01-12 16:38:59.370634	2025-01-12 16:38:59.370634
105868	21166	3	mandatory	2025-01-12 16:38:59.370634	2025-01-12 16:38:59.370634
105869	21166	11	alternative	2025-01-12 16:38:59.370634	2025-01-12 16:38:59.370634
105870	21166	8	alternative	2025-01-12 16:38:59.370634	2025-01-12 16:38:59.370634
105871	21167	3	mandatory	2025-01-12 16:38:59.377264	2025-01-12 16:38:59.377264
105872	21167	8	mandatory	2025-01-12 16:38:59.377264	2025-01-12 16:38:59.377264
105873	21167	5	mandatory	2025-01-12 16:38:59.377264	2025-01-12 16:38:59.377264
105874	21167	2	alternative	2025-01-12 16:38:59.377264	2025-01-12 16:38:59.377264
105875	21167	7	alternative	2025-01-12 16:38:59.377264	2025-01-12 16:38:59.377264
105876	21168	3	mandatory	2025-01-12 16:38:59.384059	2025-01-12 16:38:59.384059
105877	21168	8	mandatory	2025-01-12 16:38:59.384059	2025-01-12 16:38:59.384059
105878	21168	4	mandatory	2025-01-12 16:38:59.384059	2025-01-12 16:38:59.384059
105879	21168	5	alternative	2025-01-12 16:38:59.384059	2025-01-12 16:38:59.384059
105880	21168	11	alternative	2025-01-12 16:38:59.384059	2025-01-12 16:38:59.384059
105881	21169	1	mandatory	2025-01-12 16:38:59.391502	2025-01-12 16:38:59.391502
105882	21169	11	mandatory	2025-01-12 16:38:59.391502	2025-01-12 16:38:59.391502
105883	21169	6	mandatory	2025-01-12 16:38:59.391502	2025-01-12 16:38:59.391502
105884	21169	7	alternative	2025-01-12 16:38:59.391502	2025-01-12 16:38:59.391502
105885	21169	2	alternative	2025-01-12 16:38:59.391502	2025-01-12 16:38:59.391502
105886	21170	11	mandatory	2025-01-12 16:38:59.399144	2025-01-12 16:38:59.399144
105887	21170	3	mandatory	2025-01-12 16:38:59.399144	2025-01-12 16:38:59.399144
105888	21170	2	mandatory	2025-01-12 16:38:59.399144	2025-01-12 16:38:59.399144
105889	21170	1	alternative	2025-01-12 16:38:59.399144	2025-01-12 16:38:59.399144
105890	21170	8	alternative	2025-01-12 16:38:59.399144	2025-01-12 16:38:59.399144
105891	21171	1	mandatory	2025-01-12 16:38:59.406407	2025-01-12 16:38:59.406407
105892	21171	6	mandatory	2025-01-12 16:38:59.406407	2025-01-12 16:38:59.406407
105893	21171	5	mandatory	2025-01-12 16:38:59.406407	2025-01-12 16:38:59.406407
105894	21171	7	alternative	2025-01-12 16:38:59.406407	2025-01-12 16:38:59.406407
105895	21171	11	alternative	2025-01-12 16:38:59.406407	2025-01-12 16:38:59.406407
105896	21172	1	mandatory	2025-01-12 16:38:59.414588	2025-01-12 16:38:59.414588
105897	21172	7	mandatory	2025-01-12 16:38:59.414588	2025-01-12 16:38:59.414588
105898	21172	5	mandatory	2025-01-12 16:38:59.414588	2025-01-12 16:38:59.414588
105899	21172	2	alternative	2025-01-12 16:38:59.414588	2025-01-12 16:38:59.414588
105900	21172	3	alternative	2025-01-12 16:38:59.414588	2025-01-12 16:38:59.414588
105901	21173	11	mandatory	2025-01-12 16:38:59.421107	2025-01-12 16:38:59.421107
105902	21173	4	mandatory	2025-01-12 16:38:59.421107	2025-01-12 16:38:59.421107
105903	21173	3	mandatory	2025-01-12 16:38:59.421107	2025-01-12 16:38:59.421107
105904	21173	1	alternative	2025-01-12 16:38:59.421107	2025-01-12 16:38:59.421107
105905	21173	5	alternative	2025-01-12 16:38:59.421107	2025-01-12 16:38:59.421107
105906	21174	3	mandatory	2025-01-12 16:38:59.426465	2025-01-12 16:38:59.426465
105907	21174	6	mandatory	2025-01-12 16:38:59.426465	2025-01-12 16:38:59.426465
105908	21174	5	mandatory	2025-01-12 16:38:59.426465	2025-01-12 16:38:59.426465
105909	21174	11	alternative	2025-01-12 16:38:59.426465	2025-01-12 16:38:59.426465
105910	21174	4	alternative	2025-01-12 16:38:59.426465	2025-01-12 16:38:59.426465
105911	21175	8	mandatory	2025-01-12 16:38:59.43337	2025-01-12 16:38:59.43337
105912	21175	5	mandatory	2025-01-12 16:38:59.43337	2025-01-12 16:38:59.43337
105913	21175	11	mandatory	2025-01-12 16:38:59.43337	2025-01-12 16:38:59.43337
105914	21175	1	alternative	2025-01-12 16:38:59.43337	2025-01-12 16:38:59.43337
105915	21175	3	alternative	2025-01-12 16:38:59.43337	2025-01-12 16:38:59.43337
105916	21176	7	mandatory	2025-01-12 16:38:59.439937	2025-01-12 16:38:59.439937
105917	21176	4	mandatory	2025-01-12 16:38:59.439937	2025-01-12 16:38:59.439937
105918	21176	2	mandatory	2025-01-12 16:38:59.439937	2025-01-12 16:38:59.439937
105919	21176	11	alternative	2025-01-12 16:38:59.439937	2025-01-12 16:38:59.439937
105920	21176	8	alternative	2025-01-12 16:38:59.439937	2025-01-12 16:38:59.439937
105921	21177	8	mandatory	2025-01-12 16:38:59.447278	2025-01-12 16:38:59.447278
105922	21177	1	mandatory	2025-01-12 16:38:59.447278	2025-01-12 16:38:59.447278
105923	21177	6	mandatory	2025-01-12 16:38:59.447278	2025-01-12 16:38:59.447278
105924	21177	11	alternative	2025-01-12 16:38:59.447278	2025-01-12 16:38:59.447278
105925	21177	4	alternative	2025-01-12 16:38:59.447278	2025-01-12 16:38:59.447278
105926	21178	1	mandatory	2025-01-12 16:38:59.454187	2025-01-12 16:38:59.454187
105927	21178	2	mandatory	2025-01-12 16:38:59.454187	2025-01-12 16:38:59.454187
105928	21178	8	mandatory	2025-01-12 16:38:59.454187	2025-01-12 16:38:59.454187
105929	21178	6	alternative	2025-01-12 16:38:59.454187	2025-01-12 16:38:59.454187
105930	21178	3	alternative	2025-01-12 16:38:59.454187	2025-01-12 16:38:59.454187
105931	21179	3	mandatory	2025-01-12 16:38:59.461368	2025-01-12 16:38:59.461368
105932	21179	7	mandatory	2025-01-12 16:38:59.461368	2025-01-12 16:38:59.461368
105933	21179	8	mandatory	2025-01-12 16:38:59.461368	2025-01-12 16:38:59.461368
105934	21179	2	alternative	2025-01-12 16:38:59.461368	2025-01-12 16:38:59.461368
105935	21179	4	alternative	2025-01-12 16:38:59.461368	2025-01-12 16:38:59.461368
105936	21180	3	mandatory	2025-01-12 16:38:59.46758	2025-01-12 16:38:59.46758
105937	21180	2	mandatory	2025-01-12 16:38:59.46758	2025-01-12 16:38:59.46758
105938	21180	7	mandatory	2025-01-12 16:38:59.46758	2025-01-12 16:38:59.46758
105939	21180	4	alternative	2025-01-12 16:38:59.46758	2025-01-12 16:38:59.46758
105940	21180	8	alternative	2025-01-12 16:38:59.46758	2025-01-12 16:38:59.46758
105941	21181	8	mandatory	2025-01-12 16:38:59.473894	2025-01-12 16:38:59.473894
105942	21181	1	mandatory	2025-01-12 16:38:59.473894	2025-01-12 16:38:59.473894
105943	21181	2	mandatory	2025-01-12 16:38:59.473894	2025-01-12 16:38:59.473894
105944	21181	11	alternative	2025-01-12 16:38:59.473894	2025-01-12 16:38:59.473894
105945	21181	5	alternative	2025-01-12 16:38:59.473894	2025-01-12 16:38:59.473894
105946	21182	11	mandatory	2025-01-12 16:38:59.479021	2025-01-12 16:38:59.479021
105947	21182	1	mandatory	2025-01-12 16:38:59.479021	2025-01-12 16:38:59.479021
105948	21182	4	mandatory	2025-01-12 16:38:59.479021	2025-01-12 16:38:59.479021
105949	21182	2	alternative	2025-01-12 16:38:59.479021	2025-01-12 16:38:59.479021
105950	21182	8	alternative	2025-01-12 16:38:59.479021	2025-01-12 16:38:59.479021
105951	21183	3	mandatory	2025-01-12 16:38:59.486317	2025-01-12 16:38:59.486317
105952	21183	11	mandatory	2025-01-12 16:38:59.486317	2025-01-12 16:38:59.486317
105953	21183	2	mandatory	2025-01-12 16:38:59.486317	2025-01-12 16:38:59.486317
105954	21183	7	alternative	2025-01-12 16:38:59.486317	2025-01-12 16:38:59.486317
105955	21183	6	alternative	2025-01-12 16:38:59.486317	2025-01-12 16:38:59.486317
105956	21184	6	mandatory	2025-01-12 16:38:59.493414	2025-01-12 16:38:59.493414
105957	21184	1	mandatory	2025-01-12 16:38:59.493414	2025-01-12 16:38:59.493414
105958	21184	7	mandatory	2025-01-12 16:38:59.493414	2025-01-12 16:38:59.493414
105959	21184	2	alternative	2025-01-12 16:38:59.493414	2025-01-12 16:38:59.493414
105960	21184	4	alternative	2025-01-12 16:38:59.493414	2025-01-12 16:38:59.493414
105961	21185	1	mandatory	2025-01-12 16:38:59.50074	2025-01-12 16:38:59.50074
105962	21185	2	mandatory	2025-01-12 16:38:59.50074	2025-01-12 16:38:59.50074
105963	21185	3	mandatory	2025-01-12 16:38:59.50074	2025-01-12 16:38:59.50074
105964	21185	11	alternative	2025-01-12 16:38:59.50074	2025-01-12 16:38:59.50074
105965	21185	4	alternative	2025-01-12 16:38:59.50074	2025-01-12 16:38:59.50074
105966	21186	1	mandatory	2025-01-12 16:38:59.50702	2025-01-12 16:38:59.50702
105967	21186	2	mandatory	2025-01-12 16:38:59.50702	2025-01-12 16:38:59.50702
105968	21186	3	mandatory	2025-01-12 16:38:59.50702	2025-01-12 16:38:59.50702
105969	21186	11	alternative	2025-01-12 16:38:59.50702	2025-01-12 16:38:59.50702
105970	21186	4	alternative	2025-01-12 16:38:59.50702	2025-01-12 16:38:59.50702
105971	21187	8	mandatory	2025-01-12 16:38:59.512405	2025-01-12 16:38:59.512405
105972	21187	1	mandatory	2025-01-12 16:38:59.512405	2025-01-12 16:38:59.512405
105973	21187	2	mandatory	2025-01-12 16:38:59.512405	2025-01-12 16:38:59.512405
105974	21187	6	alternative	2025-01-12 16:38:59.512405	2025-01-12 16:38:59.512405
105975	21187	3	alternative	2025-01-12 16:38:59.512405	2025-01-12 16:38:59.512405
105976	21188	1	mandatory	2025-01-12 16:38:59.517442	2025-01-12 16:38:59.517442
105977	21188	7	mandatory	2025-01-12 16:38:59.517442	2025-01-12 16:38:59.517442
105978	21188	8	mandatory	2025-01-12 16:38:59.517442	2025-01-12 16:38:59.517442
105979	21188	2	alternative	2025-01-12 16:38:59.517442	2025-01-12 16:38:59.517442
105980	21188	11	alternative	2025-01-12 16:38:59.517442	2025-01-12 16:38:59.517442
105981	21189	2	mandatory	2025-01-12 16:38:59.52251	2025-01-12 16:38:59.52251
105982	21189	4	mandatory	2025-01-12 16:38:59.52251	2025-01-12 16:38:59.52251
105983	21189	7	mandatory	2025-01-12 16:38:59.52251	2025-01-12 16:38:59.52251
105984	21189	1	alternative	2025-01-12 16:38:59.52251	2025-01-12 16:38:59.52251
105985	21189	6	alternative	2025-01-12 16:38:59.52251	2025-01-12 16:38:59.52251
105986	21190	1	mandatory	2025-01-12 16:38:59.527329	2025-01-12 16:38:59.527329
105987	21190	8	mandatory	2025-01-12 16:38:59.527329	2025-01-12 16:38:59.527329
105988	21190	2	mandatory	2025-01-12 16:38:59.527329	2025-01-12 16:38:59.527329
105989	21190	11	alternative	2025-01-12 16:38:59.527329	2025-01-12 16:38:59.527329
105990	21190	3	alternative	2025-01-12 16:38:59.527329	2025-01-12 16:38:59.527329
105991	21191	5	mandatory	2025-01-12 16:38:59.532354	2025-01-12 16:38:59.532354
105992	21191	2	mandatory	2025-01-12 16:38:59.532354	2025-01-12 16:38:59.532354
105993	21191	1	mandatory	2025-01-12 16:38:59.532354	2025-01-12 16:38:59.532354
105994	21191	6	alternative	2025-01-12 16:38:59.532354	2025-01-12 16:38:59.532354
105995	21191	3	alternative	2025-01-12 16:38:59.532354	2025-01-12 16:38:59.532354
105996	21192	2	mandatory	2025-01-12 16:38:59.537258	2025-01-12 16:38:59.537258
105997	21192	4	mandatory	2025-01-12 16:38:59.537258	2025-01-12 16:38:59.537258
105998	21192	8	mandatory	2025-01-12 16:38:59.537258	2025-01-12 16:38:59.537258
105999	21192	11	alternative	2025-01-12 16:38:59.537258	2025-01-12 16:38:59.537258
106000	21192	7	alternative	2025-01-12 16:38:59.537258	2025-01-12 16:38:59.537258
106001	21193	11	mandatory	2025-01-12 16:38:59.54251	2025-01-12 16:38:59.54251
106002	21193	6	mandatory	2025-01-12 16:38:59.54251	2025-01-12 16:38:59.54251
106003	21193	5	mandatory	2025-01-12 16:38:59.54251	2025-01-12 16:38:59.54251
106004	21193	4	alternative	2025-01-12 16:38:59.54251	2025-01-12 16:38:59.54251
106005	21193	3	alternative	2025-01-12 16:38:59.54251	2025-01-12 16:38:59.54251
106006	21194	3	mandatory	2025-01-12 16:38:59.549769	2025-01-12 16:38:59.549769
106007	21194	4	mandatory	2025-01-12 16:38:59.549769	2025-01-12 16:38:59.549769
106008	21194	2	mandatory	2025-01-12 16:38:59.549769	2025-01-12 16:38:59.549769
106009	21194	8	alternative	2025-01-12 16:38:59.549769	2025-01-12 16:38:59.549769
106010	21194	11	alternative	2025-01-12 16:38:59.549769	2025-01-12 16:38:59.549769
106011	21195	6	mandatory	2025-01-12 16:38:59.555918	2025-01-12 16:38:59.555918
106012	21195	5	mandatory	2025-01-12 16:38:59.555918	2025-01-12 16:38:59.555918
106013	21195	11	mandatory	2025-01-12 16:38:59.555918	2025-01-12 16:38:59.555918
106014	21195	4	alternative	2025-01-12 16:38:59.555918	2025-01-12 16:38:59.555918
106015	21195	7	alternative	2025-01-12 16:38:59.555918	2025-01-12 16:38:59.555918
106016	21196	6	mandatory	2025-01-12 16:38:59.562636	2025-01-12 16:38:59.562636
106017	21196	1	mandatory	2025-01-12 16:38:59.562636	2025-01-12 16:38:59.562636
106018	21196	2	mandatory	2025-01-12 16:38:59.562636	2025-01-12 16:38:59.562636
106019	21196	8	alternative	2025-01-12 16:38:59.562636	2025-01-12 16:38:59.562636
106020	21196	3	alternative	2025-01-12 16:38:59.562636	2025-01-12 16:38:59.562636
106021	21197	4	mandatory	2025-01-12 16:38:59.567449	2025-01-12 16:38:59.567449
106022	21197	1	mandatory	2025-01-12 16:38:59.567449	2025-01-12 16:38:59.567449
106023	21197	8	mandatory	2025-01-12 16:38:59.567449	2025-01-12 16:38:59.567449
106024	21197	11	alternative	2025-01-12 16:38:59.567449	2025-01-12 16:38:59.567449
106025	21197	5	alternative	2025-01-12 16:38:59.567449	2025-01-12 16:38:59.567449
106026	21198	6	mandatory	2025-01-12 16:38:59.572101	2025-01-12 16:38:59.572101
106027	21198	5	mandatory	2025-01-12 16:38:59.572101	2025-01-12 16:38:59.572101
106028	21198	3	mandatory	2025-01-12 16:38:59.572101	2025-01-12 16:38:59.572101
106029	21198	2	alternative	2025-01-12 16:38:59.572101	2025-01-12 16:38:59.572101
106030	21198	8	alternative	2025-01-12 16:38:59.572101	2025-01-12 16:38:59.572101
106031	21199	7	mandatory	2025-01-12 16:38:59.576379	2025-01-12 16:38:59.576379
106032	21199	4	mandatory	2025-01-12 16:38:59.576379	2025-01-12 16:38:59.576379
106033	21199	8	mandatory	2025-01-12 16:38:59.576379	2025-01-12 16:38:59.576379
106034	21199	6	alternative	2025-01-12 16:38:59.576379	2025-01-12 16:38:59.576379
106035	21199	3	alternative	2025-01-12 16:38:59.576379	2025-01-12 16:38:59.576379
106036	21200	1	mandatory	2025-01-12 16:38:59.58297	2025-01-12 16:38:59.58297
106037	21200	11	mandatory	2025-01-12 16:38:59.58297	2025-01-12 16:38:59.58297
106038	21200	4	mandatory	2025-01-12 16:38:59.58297	2025-01-12 16:38:59.58297
106039	21200	6	alternative	2025-01-12 16:38:59.58297	2025-01-12 16:38:59.58297
106040	21200	2	alternative	2025-01-12 16:38:59.58297	2025-01-12 16:38:59.58297
106041	21201	8	mandatory	2025-01-12 16:38:59.592129	2025-01-12 16:38:59.592129
106042	21201	7	mandatory	2025-01-12 16:38:59.592129	2025-01-12 16:38:59.592129
106043	21201	2	mandatory	2025-01-12 16:38:59.592129	2025-01-12 16:38:59.592129
106044	21201	4	alternative	2025-01-12 16:38:59.592129	2025-01-12 16:38:59.592129
106045	21201	1	alternative	2025-01-12 16:38:59.592129	2025-01-12 16:38:59.592129
106046	21202	1	mandatory	2025-01-12 16:38:59.600257	2025-01-12 16:38:59.600257
106047	21202	3	mandatory	2025-01-12 16:38:59.600257	2025-01-12 16:38:59.600257
106048	21202	11	mandatory	2025-01-12 16:38:59.600257	2025-01-12 16:38:59.600257
106049	21202	8	alternative	2025-01-12 16:38:59.600257	2025-01-12 16:38:59.600257
106050	21202	2	alternative	2025-01-12 16:38:59.600257	2025-01-12 16:38:59.600257
106051	21203	6	mandatory	2025-01-12 16:38:59.608611	2025-01-12 16:38:59.608611
106052	21203	8	mandatory	2025-01-12 16:38:59.608611	2025-01-12 16:38:59.608611
106053	21203	3	mandatory	2025-01-12 16:38:59.608611	2025-01-12 16:38:59.608611
106054	21203	11	alternative	2025-01-12 16:38:59.608611	2025-01-12 16:38:59.608611
106055	21203	7	alternative	2025-01-12 16:38:59.608611	2025-01-12 16:38:59.608611
106056	21204	1	mandatory	2025-01-12 16:38:59.617598	2025-01-12 16:38:59.617598
106057	21204	2	mandatory	2025-01-12 16:38:59.617598	2025-01-12 16:38:59.617598
106058	21204	5	mandatory	2025-01-12 16:38:59.617598	2025-01-12 16:38:59.617598
106059	21204	8	alternative	2025-01-12 16:38:59.617598	2025-01-12 16:38:59.617598
106060	21204	11	alternative	2025-01-12 16:38:59.617598	2025-01-12 16:38:59.617598
106061	21205	1	mandatory	2025-01-12 16:38:59.624206	2025-01-12 16:38:59.624206
106062	21205	8	mandatory	2025-01-12 16:38:59.624206	2025-01-12 16:38:59.624206
106063	21205	2	mandatory	2025-01-12 16:38:59.624206	2025-01-12 16:38:59.624206
106064	21205	11	alternative	2025-01-12 16:38:59.624206	2025-01-12 16:38:59.624206
106065	21205	7	alternative	2025-01-12 16:38:59.624206	2025-01-12 16:38:59.624206
106066	21206	1	mandatory	2025-01-12 16:38:59.629217	2025-01-12 16:38:59.629217
106067	21206	2	mandatory	2025-01-12 16:38:59.629217	2025-01-12 16:38:59.629217
106068	21206	11	mandatory	2025-01-12 16:38:59.629217	2025-01-12 16:38:59.629217
106069	21206	3	alternative	2025-01-12 16:38:59.629217	2025-01-12 16:38:59.629217
106070	21206	5	alternative	2025-01-12 16:38:59.629217	2025-01-12 16:38:59.629217
106071	21207	1	mandatory	2025-01-12 16:38:59.635143	2025-01-12 16:38:59.635143
106072	21207	7	mandatory	2025-01-12 16:38:59.635143	2025-01-12 16:38:59.635143
106073	21207	2	mandatory	2025-01-12 16:38:59.635143	2025-01-12 16:38:59.635143
106074	21207	8	alternative	2025-01-12 16:38:59.635143	2025-01-12 16:38:59.635143
106075	21207	6	alternative	2025-01-12 16:38:59.635143	2025-01-12 16:38:59.635143
106076	21208	4	mandatory	2025-01-12 16:38:59.640975	2025-01-12 16:38:59.640975
106077	21208	11	mandatory	2025-01-12 16:38:59.640975	2025-01-12 16:38:59.640975
106078	21208	2	mandatory	2025-01-12 16:38:59.640975	2025-01-12 16:38:59.640975
106079	21208	1	alternative	2025-01-12 16:38:59.640975	2025-01-12 16:38:59.640975
106080	21208	3	alternative	2025-01-12 16:38:59.640975	2025-01-12 16:38:59.640975
106081	21209	2	mandatory	2025-01-12 16:38:59.646044	2025-01-12 16:38:59.646044
106082	21209	1	mandatory	2025-01-12 16:38:59.646044	2025-01-12 16:38:59.646044
106083	21209	11	mandatory	2025-01-12 16:38:59.646044	2025-01-12 16:38:59.646044
106084	21209	4	alternative	2025-01-12 16:38:59.646044	2025-01-12 16:38:59.646044
106085	21209	8	alternative	2025-01-12 16:38:59.646044	2025-01-12 16:38:59.646044
106086	21210	1	mandatory	2025-01-12 16:38:59.653051	2025-01-12 16:38:59.653051
106087	21210	2	mandatory	2025-01-12 16:38:59.653051	2025-01-12 16:38:59.653051
106088	21210	3	mandatory	2025-01-12 16:38:59.653051	2025-01-12 16:38:59.653051
106089	21210	11	alternative	2025-01-12 16:38:59.653051	2025-01-12 16:38:59.653051
106090	21210	4	alternative	2025-01-12 16:38:59.653051	2025-01-12 16:38:59.653051
106091	21211	8	mandatory	2025-01-12 16:38:59.660663	2025-01-12 16:38:59.660663
106092	21211	11	mandatory	2025-01-12 16:38:59.660663	2025-01-12 16:38:59.660663
106093	21211	1	mandatory	2025-01-12 16:38:59.660663	2025-01-12 16:38:59.660663
106094	21211	4	alternative	2025-01-12 16:38:59.660663	2025-01-12 16:38:59.660663
106095	21211	2	alternative	2025-01-12 16:38:59.660663	2025-01-12 16:38:59.660663
106096	21212	3	mandatory	2025-01-12 16:38:59.667647	2025-01-12 16:38:59.667647
106097	21212	4	mandatory	2025-01-12 16:38:59.667647	2025-01-12 16:38:59.667647
106098	21212	2	mandatory	2025-01-12 16:38:59.667647	2025-01-12 16:38:59.667647
106099	21212	8	alternative	2025-01-12 16:38:59.667647	2025-01-12 16:38:59.667647
106100	21212	11	alternative	2025-01-12 16:38:59.667647	2025-01-12 16:38:59.667647
106101	21213	1	mandatory	2025-01-12 16:38:59.673728	2025-01-12 16:38:59.673728
106102	21213	2	mandatory	2025-01-12 16:38:59.673728	2025-01-12 16:38:59.673728
106103	21213	3	mandatory	2025-01-12 16:38:59.673728	2025-01-12 16:38:59.673728
106104	21213	11	alternative	2025-01-12 16:38:59.673728	2025-01-12 16:38:59.673728
106105	21213	4	alternative	2025-01-12 16:38:59.673728	2025-01-12 16:38:59.673728
106106	21214	3	mandatory	2025-01-12 16:38:59.679286	2025-01-12 16:38:59.679286
106107	21214	11	mandatory	2025-01-12 16:38:59.679286	2025-01-12 16:38:59.679286
106108	21214	8	mandatory	2025-01-12 16:38:59.679286	2025-01-12 16:38:59.679286
106109	21214	2	alternative	2025-01-12 16:38:59.679286	2025-01-12 16:38:59.679286
106110	21214	6	alternative	2025-01-12 16:38:59.679286	2025-01-12 16:38:59.679286
106111	21215	4	mandatory	2025-01-12 16:38:59.68522	2025-01-12 16:38:59.68522
106112	21215	11	mandatory	2025-01-12 16:38:59.68522	2025-01-12 16:38:59.68522
106113	21215	1	mandatory	2025-01-12 16:38:59.68522	2025-01-12 16:38:59.68522
106114	21215	8	alternative	2025-01-12 16:38:59.68522	2025-01-12 16:38:59.68522
106115	21215	2	alternative	2025-01-12 16:38:59.68522	2025-01-12 16:38:59.68522
106116	21216	3	mandatory	2025-01-12 16:38:59.692027	2025-01-12 16:38:59.692027
106117	21216	6	mandatory	2025-01-12 16:38:59.692027	2025-01-12 16:38:59.692027
106118	21216	2	mandatory	2025-01-12 16:38:59.692027	2025-01-12 16:38:59.692027
106119	21216	7	alternative	2025-01-12 16:38:59.692027	2025-01-12 16:38:59.692027
106120	21216	5	alternative	2025-01-12 16:38:59.692027	2025-01-12 16:38:59.692027
106121	21217	1	mandatory	2025-01-12 16:38:59.699921	2025-01-12 16:38:59.699921
106122	21217	7	mandatory	2025-01-12 16:38:59.699921	2025-01-12 16:38:59.699921
106123	21217	8	mandatory	2025-01-12 16:38:59.699921	2025-01-12 16:38:59.699921
106124	21217	6	alternative	2025-01-12 16:38:59.699921	2025-01-12 16:38:59.699921
106125	21217	11	alternative	2025-01-12 16:38:59.699921	2025-01-12 16:38:59.699921
106126	21218	3	mandatory	2025-01-12 16:38:59.706729	2025-01-12 16:38:59.706729
106127	21218	8	mandatory	2025-01-12 16:38:59.706729	2025-01-12 16:38:59.706729
106128	21218	11	mandatory	2025-01-12 16:38:59.706729	2025-01-12 16:38:59.706729
106129	21218	2	alternative	2025-01-12 16:38:59.706729	2025-01-12 16:38:59.706729
106130	21218	6	alternative	2025-01-12 16:38:59.706729	2025-01-12 16:38:59.706729
106131	21219	4	mandatory	2025-01-12 16:38:59.713999	2025-01-12 16:38:59.713999
106132	21219	3	mandatory	2025-01-12 16:38:59.713999	2025-01-12 16:38:59.713999
106133	21219	7	mandatory	2025-01-12 16:38:59.713999	2025-01-12 16:38:59.713999
106134	21219	1	alternative	2025-01-12 16:38:59.713999	2025-01-12 16:38:59.713999
106135	21219	6	alternative	2025-01-12 16:38:59.713999	2025-01-12 16:38:59.713999
106136	21220	2	mandatory	2025-01-12 16:38:59.721064	2025-01-12 16:38:59.721064
106137	21220	5	mandatory	2025-01-12 16:38:59.721064	2025-01-12 16:38:59.721064
106138	21220	6	mandatory	2025-01-12 16:38:59.721064	2025-01-12 16:38:59.721064
106139	21220	3	alternative	2025-01-12 16:38:59.721064	2025-01-12 16:38:59.721064
106140	21220	4	alternative	2025-01-12 16:38:59.721064	2025-01-12 16:38:59.721064
106141	21221	8	mandatory	2025-01-12 16:38:59.728239	2025-01-12 16:38:59.728239
106142	21221	7	mandatory	2025-01-12 16:38:59.728239	2025-01-12 16:38:59.728239
106143	21221	6	mandatory	2025-01-12 16:38:59.728239	2025-01-12 16:38:59.728239
106144	21221	5	alternative	2025-01-12 16:38:59.728239	2025-01-12 16:38:59.728239
106145	21221	11	alternative	2025-01-12 16:38:59.728239	2025-01-12 16:38:59.728239
106146	21222	2	mandatory	2025-01-12 16:38:59.733908	2025-01-12 16:38:59.733908
106147	21222	4	mandatory	2025-01-12 16:38:59.733908	2025-01-12 16:38:59.733908
106148	21222	5	mandatory	2025-01-12 16:38:59.733908	2025-01-12 16:38:59.733908
106149	21222	8	alternative	2025-01-12 16:38:59.733908	2025-01-12 16:38:59.733908
106150	21222	11	alternative	2025-01-12 16:38:59.733908	2025-01-12 16:38:59.733908
106151	21223	7	mandatory	2025-01-12 16:38:59.740073	2025-01-12 16:38:59.740073
106152	21223	1	mandatory	2025-01-12 16:38:59.740073	2025-01-12 16:38:59.740073
106153	21223	11	mandatory	2025-01-12 16:38:59.740073	2025-01-12 16:38:59.740073
106154	21223	2	alternative	2025-01-12 16:38:59.740073	2025-01-12 16:38:59.740073
106155	21223	5	alternative	2025-01-12 16:38:59.740073	2025-01-12 16:38:59.740073
106156	21224	5	mandatory	2025-01-12 16:38:59.745496	2025-01-12 16:38:59.745496
106157	21224	4	mandatory	2025-01-12 16:38:59.745496	2025-01-12 16:38:59.745496
106158	21224	8	mandatory	2025-01-12 16:38:59.745496	2025-01-12 16:38:59.745496
106159	21224	6	alternative	2025-01-12 16:38:59.745496	2025-01-12 16:38:59.745496
106160	21224	3	alternative	2025-01-12 16:38:59.745496	2025-01-12 16:38:59.745496
106161	21225	5	mandatory	2025-01-12 16:38:59.75612	2025-01-12 16:38:59.75612
106162	21225	4	mandatory	2025-01-12 16:38:59.75612	2025-01-12 16:38:59.75612
106163	21225	3	mandatory	2025-01-12 16:38:59.75612	2025-01-12 16:38:59.75612
106164	21225	2	alternative	2025-01-12 16:38:59.75612	2025-01-12 16:38:59.75612
106165	21225	1	alternative	2025-01-12 16:38:59.75612	2025-01-12 16:38:59.75612
106166	21226	7	mandatory	2025-01-12 16:38:59.760663	2025-01-12 16:38:59.760663
106167	21226	6	mandatory	2025-01-12 16:38:59.760663	2025-01-12 16:38:59.760663
106168	21226	5	mandatory	2025-01-12 16:38:59.760663	2025-01-12 16:38:59.760663
106169	21226	4	alternative	2025-01-12 16:38:59.760663	2025-01-12 16:38:59.760663
106170	21226	8	alternative	2025-01-12 16:38:59.760663	2025-01-12 16:38:59.760663
106171	21227	3	mandatory	2025-01-12 16:38:59.774293	2025-01-12 16:38:59.774293
106172	21227	2	mandatory	2025-01-12 16:38:59.774293	2025-01-12 16:38:59.774293
106173	21227	6	mandatory	2025-01-12 16:38:59.774293	2025-01-12 16:38:59.774293
106174	21227	1	alternative	2025-01-12 16:38:59.774293	2025-01-12 16:38:59.774293
106175	21227	4	alternative	2025-01-12 16:38:59.774293	2025-01-12 16:38:59.774293
106176	21228	1	mandatory	2025-01-12 16:38:59.785983	2025-01-12 16:38:59.785983
106177	21228	4	mandatory	2025-01-12 16:38:59.785983	2025-01-12 16:38:59.785983
106178	21228	7	mandatory	2025-01-12 16:38:59.785983	2025-01-12 16:38:59.785983
106179	21228	2	alternative	2025-01-12 16:38:59.785983	2025-01-12 16:38:59.785983
106180	21228	5	alternative	2025-01-12 16:38:59.785983	2025-01-12 16:38:59.785983
106181	21229	2	mandatory	2025-01-12 16:38:59.794422	2025-01-12 16:38:59.794422
106182	21229	1	mandatory	2025-01-12 16:38:59.794422	2025-01-12 16:38:59.794422
106183	21229	6	mandatory	2025-01-12 16:38:59.794422	2025-01-12 16:38:59.794422
106184	21229	4	alternative	2025-01-12 16:38:59.794422	2025-01-12 16:38:59.794422
106185	21229	7	alternative	2025-01-12 16:38:59.794422	2025-01-12 16:38:59.794422
106186	21230	1	mandatory	2025-01-12 16:38:59.801051	2025-01-12 16:38:59.801051
106187	21230	7	mandatory	2025-01-12 16:38:59.801051	2025-01-12 16:38:59.801051
106188	21230	2	mandatory	2025-01-12 16:38:59.801051	2025-01-12 16:38:59.801051
106189	21230	8	alternative	2025-01-12 16:38:59.801051	2025-01-12 16:38:59.801051
106190	21230	3	alternative	2025-01-12 16:38:59.801051	2025-01-12 16:38:59.801051
106191	21231	5	mandatory	2025-01-12 16:38:59.809403	2025-01-12 16:38:59.809403
106192	21231	4	mandatory	2025-01-12 16:38:59.809403	2025-01-12 16:38:59.809403
106193	21231	11	mandatory	2025-01-12 16:38:59.809403	2025-01-12 16:38:59.809403
106194	21231	3	alternative	2025-01-12 16:38:59.809403	2025-01-12 16:38:59.809403
106195	21231	8	alternative	2025-01-12 16:38:59.809403	2025-01-12 16:38:59.809403
106196	21232	1	mandatory	2025-01-12 16:38:59.816997	2025-01-12 16:38:59.816997
106197	21232	6	mandatory	2025-01-12 16:38:59.816997	2025-01-12 16:38:59.816997
106198	21232	2	mandatory	2025-01-12 16:38:59.816997	2025-01-12 16:38:59.816997
106199	21232	8	alternative	2025-01-12 16:38:59.816997	2025-01-12 16:38:59.816997
106200	21232	5	alternative	2025-01-12 16:38:59.816997	2025-01-12 16:38:59.816997
106201	21233	4	mandatory	2025-01-12 16:38:59.825329	2025-01-12 16:38:59.825329
106202	21233	8	mandatory	2025-01-12 16:38:59.825329	2025-01-12 16:38:59.825329
106203	21233	3	mandatory	2025-01-12 16:38:59.825329	2025-01-12 16:38:59.825329
106204	21233	6	alternative	2025-01-12 16:38:59.825329	2025-01-12 16:38:59.825329
106205	21233	2	alternative	2025-01-12 16:38:59.825329	2025-01-12 16:38:59.825329
106206	21234	5	mandatory	2025-01-12 16:38:59.831626	2025-01-12 16:38:59.831626
106207	21234	4	mandatory	2025-01-12 16:38:59.831626	2025-01-12 16:38:59.831626
106208	21234	3	mandatory	2025-01-12 16:38:59.831626	2025-01-12 16:38:59.831626
106209	21234	6	alternative	2025-01-12 16:38:59.831626	2025-01-12 16:38:59.831626
106210	21234	8	alternative	2025-01-12 16:38:59.831626	2025-01-12 16:38:59.831626
106211	21235	2	mandatory	2025-01-12 16:38:59.838913	2025-01-12 16:38:59.838913
106212	21235	11	mandatory	2025-01-12 16:38:59.838913	2025-01-12 16:38:59.838913
106213	21235	6	mandatory	2025-01-12 16:38:59.838913	2025-01-12 16:38:59.838913
106214	21235	5	alternative	2025-01-12 16:38:59.838913	2025-01-12 16:38:59.838913
106215	21235	7	alternative	2025-01-12 16:38:59.838913	2025-01-12 16:38:59.838913
106216	21236	1	mandatory	2025-01-12 16:38:59.845314	2025-01-12 16:38:59.845314
106217	21236	2	mandatory	2025-01-12 16:38:59.845314	2025-01-12 16:38:59.845314
106218	21236	7	mandatory	2025-01-12 16:38:59.845314	2025-01-12 16:38:59.845314
106219	21236	3	alternative	2025-01-12 16:38:59.845314	2025-01-12 16:38:59.845314
106220	21236	8	alternative	2025-01-12 16:38:59.845314	2025-01-12 16:38:59.845314
106221	21237	11	mandatory	2025-01-12 16:38:59.850199	2025-01-12 16:38:59.850199
106222	21237	6	mandatory	2025-01-12 16:38:59.850199	2025-01-12 16:38:59.850199
106223	21237	7	mandatory	2025-01-12 16:38:59.850199	2025-01-12 16:38:59.850199
106224	21237	5	alternative	2025-01-12 16:38:59.850199	2025-01-12 16:38:59.850199
106225	21237	2	alternative	2025-01-12 16:38:59.850199	2025-01-12 16:38:59.850199
106226	21238	1	mandatory	2025-01-12 16:38:59.854881	2025-01-12 16:38:59.854881
106227	21238	3	mandatory	2025-01-12 16:38:59.854881	2025-01-12 16:38:59.854881
106228	21238	8	mandatory	2025-01-12 16:38:59.854881	2025-01-12 16:38:59.854881
106229	21238	5	alternative	2025-01-12 16:38:59.854881	2025-01-12 16:38:59.854881
106230	21238	7	alternative	2025-01-12 16:38:59.854881	2025-01-12 16:38:59.854881
106231	21239	7	mandatory	2025-01-12 16:38:59.861448	2025-01-12 16:38:59.861448
106232	21239	6	mandatory	2025-01-12 16:38:59.861448	2025-01-12 16:38:59.861448
106233	21239	11	mandatory	2025-01-12 16:38:59.861448	2025-01-12 16:38:59.861448
106234	21239	3	alternative	2025-01-12 16:38:59.861448	2025-01-12 16:38:59.861448
106235	21239	2	alternative	2025-01-12 16:38:59.861448	2025-01-12 16:38:59.861448
106236	21240	7	mandatory	2025-01-12 16:38:59.867584	2025-01-12 16:38:59.867584
106237	21240	5	mandatory	2025-01-12 16:38:59.867584	2025-01-12 16:38:59.867584
106238	21240	2	mandatory	2025-01-12 16:38:59.867584	2025-01-12 16:38:59.867584
106239	21240	6	alternative	2025-01-12 16:38:59.867584	2025-01-12 16:38:59.867584
106240	21240	11	alternative	2025-01-12 16:38:59.867584	2025-01-12 16:38:59.867584
106241	21241	1	mandatory	2025-01-12 16:38:59.874402	2025-01-12 16:38:59.874402
106242	21241	6	mandatory	2025-01-12 16:38:59.874402	2025-01-12 16:38:59.874402
106243	21241	4	mandatory	2025-01-12 16:38:59.874402	2025-01-12 16:38:59.874402
106244	21241	7	alternative	2025-01-12 16:38:59.874402	2025-01-12 16:38:59.874402
106245	21241	5	alternative	2025-01-12 16:38:59.874402	2025-01-12 16:38:59.874402
106246	21242	4	mandatory	2025-01-12 16:38:59.880405	2025-01-12 16:38:59.880405
106247	21242	6	mandatory	2025-01-12 16:38:59.880405	2025-01-12 16:38:59.880405
106248	21242	8	mandatory	2025-01-12 16:38:59.880405	2025-01-12 16:38:59.880405
106249	21242	3	alternative	2025-01-12 16:38:59.880405	2025-01-12 16:38:59.880405
106250	21242	2	alternative	2025-01-12 16:38:59.880405	2025-01-12 16:38:59.880405
106251	21243	3	mandatory	2025-01-12 16:38:59.885961	2025-01-12 16:38:59.885961
106252	21243	1	mandatory	2025-01-12 16:38:59.885961	2025-01-12 16:38:59.885961
106253	21243	7	mandatory	2025-01-12 16:38:59.885961	2025-01-12 16:38:59.885961
106254	21243	2	alternative	2025-01-12 16:38:59.885961	2025-01-12 16:38:59.885961
106255	21243	4	alternative	2025-01-12 16:38:59.885961	2025-01-12 16:38:59.885961
106256	21244	1	mandatory	2025-01-12 16:38:59.892262	2025-01-12 16:38:59.892262
106257	21244	5	mandatory	2025-01-12 16:38:59.892262	2025-01-12 16:38:59.892262
106258	21244	11	mandatory	2025-01-12 16:38:59.892262	2025-01-12 16:38:59.892262
106259	21244	7	alternative	2025-01-12 16:38:59.892262	2025-01-12 16:38:59.892262
106260	21244	2	alternative	2025-01-12 16:38:59.892262	2025-01-12 16:38:59.892262
106261	21245	2	mandatory	2025-01-12 16:38:59.898926	2025-01-12 16:38:59.898926
106262	21245	4	mandatory	2025-01-12 16:38:59.898926	2025-01-12 16:38:59.898926
106263	21245	8	mandatory	2025-01-12 16:38:59.898926	2025-01-12 16:38:59.898926
106264	21245	1	alternative	2025-01-12 16:38:59.898926	2025-01-12 16:38:59.898926
106265	21245	3	alternative	2025-01-12 16:38:59.898926	2025-01-12 16:38:59.898926
106266	21246	1	mandatory	2025-01-12 16:38:59.90551	2025-01-12 16:38:59.90551
106267	21246	7	mandatory	2025-01-12 16:38:59.90551	2025-01-12 16:38:59.90551
106268	21246	4	mandatory	2025-01-12 16:38:59.90551	2025-01-12 16:38:59.90551
106269	21246	11	alternative	2025-01-12 16:38:59.90551	2025-01-12 16:38:59.90551
106270	21246	2	alternative	2025-01-12 16:38:59.90551	2025-01-12 16:38:59.90551
106271	21247	1	mandatory	2025-01-12 16:38:59.911418	2025-01-12 16:38:59.911418
106272	21247	2	mandatory	2025-01-12 16:38:59.911418	2025-01-12 16:38:59.911418
106273	21247	6	mandatory	2025-01-12 16:38:59.911418	2025-01-12 16:38:59.911418
106274	21247	5	alternative	2025-01-12 16:38:59.911418	2025-01-12 16:38:59.911418
106275	21247	4	alternative	2025-01-12 16:38:59.911418	2025-01-12 16:38:59.911418
106276	21248	1	mandatory	2025-01-12 16:38:59.91695	2025-01-12 16:38:59.91695
106277	21248	2	mandatory	2025-01-12 16:38:59.91695	2025-01-12 16:38:59.91695
106278	21248	11	mandatory	2025-01-12 16:38:59.91695	2025-01-12 16:38:59.91695
106279	21248	6	alternative	2025-01-12 16:38:59.91695	2025-01-12 16:38:59.91695
106280	21248	4	alternative	2025-01-12 16:38:59.91695	2025-01-12 16:38:59.91695
106281	21249	4	mandatory	2025-01-12 16:38:59.921771	2025-01-12 16:38:59.921771
106282	21249	2	mandatory	2025-01-12 16:38:59.921771	2025-01-12 16:38:59.921771
106283	21249	3	mandatory	2025-01-12 16:38:59.921771	2025-01-12 16:38:59.921771
106284	21249	1	alternative	2025-01-12 16:38:59.921771	2025-01-12 16:38:59.921771
106285	21249	7	alternative	2025-01-12 16:38:59.921771	2025-01-12 16:38:59.921771
106286	21250	4	mandatory	2025-01-12 16:38:59.928192	2025-01-12 16:38:59.928192
106287	21250	3	mandatory	2025-01-12 16:38:59.928192	2025-01-12 16:38:59.928192
106288	21250	6	mandatory	2025-01-12 16:38:59.928192	2025-01-12 16:38:59.928192
106289	21250	2	alternative	2025-01-12 16:38:59.928192	2025-01-12 16:38:59.928192
106290	21250	5	alternative	2025-01-12 16:38:59.928192	2025-01-12 16:38:59.928192
106291	21251	7	mandatory	2025-01-12 16:38:59.933043	2025-01-12 16:38:59.933043
106292	21251	8	mandatory	2025-01-12 16:38:59.933043	2025-01-12 16:38:59.933043
106293	21251	2	mandatory	2025-01-12 16:38:59.933043	2025-01-12 16:38:59.933043
106294	21251	1	alternative	2025-01-12 16:38:59.933043	2025-01-12 16:38:59.933043
106295	21251	11	alternative	2025-01-12 16:38:59.933043	2025-01-12 16:38:59.933043
106296	21252	7	mandatory	2025-01-12 16:38:59.937756	2025-01-12 16:38:59.937756
106297	21252	6	mandatory	2025-01-12 16:38:59.937756	2025-01-12 16:38:59.937756
106298	21252	4	mandatory	2025-01-12 16:38:59.937756	2025-01-12 16:38:59.937756
106299	21252	5	alternative	2025-01-12 16:38:59.937756	2025-01-12 16:38:59.937756
106300	21252	8	alternative	2025-01-12 16:38:59.937756	2025-01-12 16:38:59.937756
106301	21253	5	mandatory	2025-01-12 16:38:59.942695	2025-01-12 16:38:59.942695
106302	21253	1	mandatory	2025-01-12 16:38:59.942695	2025-01-12 16:38:59.942695
106303	21253	6	mandatory	2025-01-12 16:38:59.942695	2025-01-12 16:38:59.942695
106304	21253	11	alternative	2025-01-12 16:38:59.942695	2025-01-12 16:38:59.942695
106305	21253	2	alternative	2025-01-12 16:38:59.942695	2025-01-12 16:38:59.942695
106306	21254	1	mandatory	2025-01-12 16:38:59.947325	2025-01-12 16:38:59.947325
106307	21254	11	mandatory	2025-01-12 16:38:59.947325	2025-01-12 16:38:59.947325
106308	21254	4	mandatory	2025-01-12 16:38:59.947325	2025-01-12 16:38:59.947325
106309	21254	2	alternative	2025-01-12 16:38:59.947325	2025-01-12 16:38:59.947325
106310	21254	6	alternative	2025-01-12 16:38:59.947325	2025-01-12 16:38:59.947325
106311	21255	1	mandatory	2025-01-12 16:38:59.951813	2025-01-12 16:38:59.951813
106312	21255	2	mandatory	2025-01-12 16:38:59.951813	2025-01-12 16:38:59.951813
106313	21255	4	mandatory	2025-01-12 16:38:59.951813	2025-01-12 16:38:59.951813
106314	21255	3	alternative	2025-01-12 16:38:59.951813	2025-01-12 16:38:59.951813
106315	21255	6	alternative	2025-01-12 16:38:59.951813	2025-01-12 16:38:59.951813
106316	21256	6	mandatory	2025-01-12 16:38:59.956346	2025-01-12 16:38:59.956346
106317	21256	4	mandatory	2025-01-12 16:38:59.956346	2025-01-12 16:38:59.956346
106318	21256	1	mandatory	2025-01-12 16:38:59.956346	2025-01-12 16:38:59.956346
106319	21256	2	alternative	2025-01-12 16:38:59.956346	2025-01-12 16:38:59.956346
106320	21256	7	alternative	2025-01-12 16:38:59.956346	2025-01-12 16:38:59.956346
106321	21257	6	mandatory	2025-01-12 16:38:59.960912	2025-01-12 16:38:59.960912
106322	21257	3	mandatory	2025-01-12 16:38:59.960912	2025-01-12 16:38:59.960912
106323	21257	1	mandatory	2025-01-12 16:38:59.960912	2025-01-12 16:38:59.960912
106324	21257	8	alternative	2025-01-12 16:38:59.960912	2025-01-12 16:38:59.960912
106325	21257	7	alternative	2025-01-12 16:38:59.960912	2025-01-12 16:38:59.960912
106326	21258	4	mandatory	2025-01-12 16:38:59.965821	2025-01-12 16:38:59.965821
106327	21258	1	mandatory	2025-01-12 16:38:59.965821	2025-01-12 16:38:59.965821
106328	21258	7	mandatory	2025-01-12 16:38:59.965821	2025-01-12 16:38:59.965821
106329	21258	2	alternative	2025-01-12 16:38:59.965821	2025-01-12 16:38:59.965821
106330	21258	3	alternative	2025-01-12 16:38:59.965821	2025-01-12 16:38:59.965821
106331	21259	5	mandatory	2025-01-12 16:38:59.970865	2025-01-12 16:38:59.970865
106332	21259	1	mandatory	2025-01-12 16:38:59.970865	2025-01-12 16:38:59.970865
106333	21259	8	mandatory	2025-01-12 16:38:59.970865	2025-01-12 16:38:59.970865
106334	21259	6	alternative	2025-01-12 16:38:59.970865	2025-01-12 16:38:59.970865
106335	21259	7	alternative	2025-01-12 16:38:59.970865	2025-01-12 16:38:59.970865
106336	21260	8	mandatory	2025-01-12 16:38:59.975497	2025-01-12 16:38:59.975497
106337	21260	5	mandatory	2025-01-12 16:38:59.975497	2025-01-12 16:38:59.975497
106338	21260	1	mandatory	2025-01-12 16:38:59.975497	2025-01-12 16:38:59.975497
106339	21260	7	alternative	2025-01-12 16:38:59.975497	2025-01-12 16:38:59.975497
106340	21260	6	alternative	2025-01-12 16:38:59.975497	2025-01-12 16:38:59.975497
106341	21261	4	mandatory	2025-01-12 16:38:59.979808	2025-01-12 16:38:59.979808
106342	21261	3	mandatory	2025-01-12 16:38:59.979808	2025-01-12 16:38:59.979808
106343	21261	1	mandatory	2025-01-12 16:38:59.979808	2025-01-12 16:38:59.979808
106344	21261	5	alternative	2025-01-12 16:38:59.979808	2025-01-12 16:38:59.979808
106345	21261	11	alternative	2025-01-12 16:38:59.979808	2025-01-12 16:38:59.979808
106346	21262	8	mandatory	2025-01-12 16:38:59.985454	2025-01-12 16:38:59.985454
106347	21262	1	mandatory	2025-01-12 16:38:59.985454	2025-01-12 16:38:59.985454
106348	21262	7	mandatory	2025-01-12 16:38:59.985454	2025-01-12 16:38:59.985454
106349	21262	11	alternative	2025-01-12 16:38:59.985454	2025-01-12 16:38:59.985454
106350	21262	6	alternative	2025-01-12 16:38:59.985454	2025-01-12 16:38:59.985454
106351	21263	8	mandatory	2025-01-12 16:38:59.991631	2025-01-12 16:38:59.991631
106352	21263	11	mandatory	2025-01-12 16:38:59.991631	2025-01-12 16:38:59.991631
106353	21263	4	mandatory	2025-01-12 16:38:59.991631	2025-01-12 16:38:59.991631
106354	21263	2	alternative	2025-01-12 16:38:59.991631	2025-01-12 16:38:59.991631
106355	21263	6	alternative	2025-01-12 16:38:59.991631	2025-01-12 16:38:59.991631
106356	21264	1	mandatory	2025-01-12 16:38:59.997973	2025-01-12 16:38:59.997973
106357	21264	6	mandatory	2025-01-12 16:38:59.997973	2025-01-12 16:38:59.997973
106358	21264	2	mandatory	2025-01-12 16:38:59.997973	2025-01-12 16:38:59.997973
106359	21264	5	alternative	2025-01-12 16:38:59.997973	2025-01-12 16:38:59.997973
106360	21264	8	alternative	2025-01-12 16:38:59.997973	2025-01-12 16:38:59.997973
106361	21265	6	mandatory	2025-01-12 16:39:00.004734	2025-01-12 16:39:00.004734
106362	21265	3	mandatory	2025-01-12 16:39:00.004734	2025-01-12 16:39:00.004734
106363	21265	8	mandatory	2025-01-12 16:39:00.004734	2025-01-12 16:39:00.004734
106364	21265	2	alternative	2025-01-12 16:39:00.004734	2025-01-12 16:39:00.004734
106365	21265	11	alternative	2025-01-12 16:39:00.004734	2025-01-12 16:39:00.004734
106366	21266	6	mandatory	2025-01-12 16:39:00.009377	2025-01-12 16:39:00.009377
106367	21266	7	mandatory	2025-01-12 16:39:00.009377	2025-01-12 16:39:00.009377
106368	21266	1	mandatory	2025-01-12 16:39:00.009377	2025-01-12 16:39:00.009377
106369	21266	11	alternative	2025-01-12 16:39:00.009377	2025-01-12 16:39:00.009377
106370	21266	2	alternative	2025-01-12 16:39:00.009377	2025-01-12 16:39:00.009377
106371	21267	1	mandatory	2025-01-12 16:39:00.015062	2025-01-12 16:39:00.015062
106372	21267	11	mandatory	2025-01-12 16:39:00.015062	2025-01-12 16:39:00.015062
106373	21267	2	mandatory	2025-01-12 16:39:00.015062	2025-01-12 16:39:00.015062
106374	21267	8	alternative	2025-01-12 16:39:00.015062	2025-01-12 16:39:00.015062
106375	21267	7	alternative	2025-01-12 16:39:00.015062	2025-01-12 16:39:00.015062
106376	21268	6	mandatory	2025-01-12 16:39:00.019603	2025-01-12 16:39:00.019603
106377	21268	11	mandatory	2025-01-12 16:39:00.019603	2025-01-12 16:39:00.019603
106378	21268	8	mandatory	2025-01-12 16:39:00.019603	2025-01-12 16:39:00.019603
106379	21268	3	alternative	2025-01-12 16:39:00.019603	2025-01-12 16:39:00.019603
106380	21268	5	alternative	2025-01-12 16:39:00.019603	2025-01-12 16:39:00.019603
106381	21269	4	mandatory	2025-01-12 16:39:00.024697	2025-01-12 16:39:00.024697
106382	21269	3	mandatory	2025-01-12 16:39:00.024697	2025-01-12 16:39:00.024697
106383	21269	11	mandatory	2025-01-12 16:39:00.024697	2025-01-12 16:39:00.024697
106384	21269	5	alternative	2025-01-12 16:39:00.024697	2025-01-12 16:39:00.024697
106385	21269	6	alternative	2025-01-12 16:39:00.024697	2025-01-12 16:39:00.024697
106386	21270	2	mandatory	2025-01-12 16:39:00.031203	2025-01-12 16:39:00.031203
106387	21270	4	mandatory	2025-01-12 16:39:00.031203	2025-01-12 16:39:00.031203
106388	21270	7	mandatory	2025-01-12 16:39:00.031203	2025-01-12 16:39:00.031203
106389	21270	6	alternative	2025-01-12 16:39:00.031203	2025-01-12 16:39:00.031203
106390	21270	1	alternative	2025-01-12 16:39:00.031203	2025-01-12 16:39:00.031203
106391	21271	8	mandatory	2025-01-12 16:39:00.037045	2025-01-12 16:39:00.037045
106392	21271	1	mandatory	2025-01-12 16:39:00.037045	2025-01-12 16:39:00.037045
106393	21271	6	mandatory	2025-01-12 16:39:00.037045	2025-01-12 16:39:00.037045
106394	21271	2	alternative	2025-01-12 16:39:00.037045	2025-01-12 16:39:00.037045
106395	21271	4	alternative	2025-01-12 16:39:00.037045	2025-01-12 16:39:00.037045
106396	21272	1	mandatory	2025-01-12 16:39:00.042493	2025-01-12 16:39:00.042493
106397	21272	4	mandatory	2025-01-12 16:39:00.042493	2025-01-12 16:39:00.042493
106398	21272	2	mandatory	2025-01-12 16:39:00.042493	2025-01-12 16:39:00.042493
106399	21272	5	alternative	2025-01-12 16:39:00.042493	2025-01-12 16:39:00.042493
106400	21272	7	alternative	2025-01-12 16:39:00.042493	2025-01-12 16:39:00.042493
106401	21273	1	mandatory	2025-01-12 16:39:00.047892	2025-01-12 16:39:00.047892
106402	21273	2	mandatory	2025-01-12 16:39:00.047892	2025-01-12 16:39:00.047892
106403	21273	11	mandatory	2025-01-12 16:39:00.047892	2025-01-12 16:39:00.047892
106404	21273	3	alternative	2025-01-12 16:39:00.047892	2025-01-12 16:39:00.047892
106405	21273	4	alternative	2025-01-12 16:39:00.047892	2025-01-12 16:39:00.047892
106406	21274	11	mandatory	2025-01-12 16:39:00.053659	2025-01-12 16:39:00.053659
106407	21274	4	mandatory	2025-01-12 16:39:00.053659	2025-01-12 16:39:00.053659
106408	21274	8	mandatory	2025-01-12 16:39:00.053659	2025-01-12 16:39:00.053659
106409	21274	1	alternative	2025-01-12 16:39:00.053659	2025-01-12 16:39:00.053659
106410	21274	5	alternative	2025-01-12 16:39:00.053659	2025-01-12 16:39:00.053659
106411	21275	3	mandatory	2025-01-12 16:39:00.060403	2025-01-12 16:39:00.060403
106412	21275	8	mandatory	2025-01-12 16:39:00.060403	2025-01-12 16:39:00.060403
106413	21275	2	mandatory	2025-01-12 16:39:00.060403	2025-01-12 16:39:00.060403
106414	21275	7	alternative	2025-01-12 16:39:00.060403	2025-01-12 16:39:00.060403
106415	21275	5	alternative	2025-01-12 16:39:00.060403	2025-01-12 16:39:00.060403
106416	21276	4	mandatory	2025-01-12 16:39:00.065574	2025-01-12 16:39:00.065574
106417	21276	7	mandatory	2025-01-12 16:39:00.065574	2025-01-12 16:39:00.065574
106418	21276	1	mandatory	2025-01-12 16:39:00.065574	2025-01-12 16:39:00.065574
106419	21276	3	alternative	2025-01-12 16:39:00.065574	2025-01-12 16:39:00.065574
106420	21276	5	alternative	2025-01-12 16:39:00.065574	2025-01-12 16:39:00.065574
106421	21277	3	mandatory	2025-01-12 16:39:00.071456	2025-01-12 16:39:00.071456
106422	21277	5	mandatory	2025-01-12 16:39:00.071456	2025-01-12 16:39:00.071456
106423	21277	6	mandatory	2025-01-12 16:39:00.071456	2025-01-12 16:39:00.071456
106424	21277	7	alternative	2025-01-12 16:39:00.071456	2025-01-12 16:39:00.071456
106425	21277	1	alternative	2025-01-12 16:39:00.071456	2025-01-12 16:39:00.071456
106426	21278	4	mandatory	2025-01-12 16:39:00.0773	2025-01-12 16:39:00.0773
106427	21278	7	mandatory	2025-01-12 16:39:00.0773	2025-01-12 16:39:00.0773
106428	21278	3	mandatory	2025-01-12 16:39:00.0773	2025-01-12 16:39:00.0773
106429	21278	5	alternative	2025-01-12 16:39:00.0773	2025-01-12 16:39:00.0773
106430	21278	8	alternative	2025-01-12 16:39:00.0773	2025-01-12 16:39:00.0773
106431	21279	4	mandatory	2025-01-12 16:39:00.082065	2025-01-12 16:39:00.082065
106432	21279	2	mandatory	2025-01-12 16:39:00.082065	2025-01-12 16:39:00.082065
106433	21279	3	mandatory	2025-01-12 16:39:00.082065	2025-01-12 16:39:00.082065
106434	21279	6	alternative	2025-01-12 16:39:00.082065	2025-01-12 16:39:00.082065
106435	21279	7	alternative	2025-01-12 16:39:00.082065	2025-01-12 16:39:00.082065
106436	21280	1	mandatory	2025-01-12 16:39:00.087611	2025-01-12 16:39:00.087611
106437	21280	2	mandatory	2025-01-12 16:39:00.087611	2025-01-12 16:39:00.087611
106438	21280	11	mandatory	2025-01-12 16:39:00.087611	2025-01-12 16:39:00.087611
106439	21280	6	alternative	2025-01-12 16:39:00.087611	2025-01-12 16:39:00.087611
106440	21280	8	alternative	2025-01-12 16:39:00.087611	2025-01-12 16:39:00.087611
106441	21281	4	mandatory	2025-01-12 16:39:00.092874	2025-01-12 16:39:00.092874
106442	21281	3	mandatory	2025-01-12 16:39:00.092874	2025-01-12 16:39:00.092874
106443	21281	8	mandatory	2025-01-12 16:39:00.092874	2025-01-12 16:39:00.092874
106444	21281	2	alternative	2025-01-12 16:39:00.092874	2025-01-12 16:39:00.092874
106445	21281	1	alternative	2025-01-12 16:39:00.092874	2025-01-12 16:39:00.092874
106446	21282	7	mandatory	2025-01-12 16:39:00.099019	2025-01-12 16:39:00.099019
106447	21282	1	mandatory	2025-01-12 16:39:00.099019	2025-01-12 16:39:00.099019
106448	21282	11	mandatory	2025-01-12 16:39:00.099019	2025-01-12 16:39:00.099019
106449	21282	8	alternative	2025-01-12 16:39:00.099019	2025-01-12 16:39:00.099019
106450	21282	2	alternative	2025-01-12 16:39:00.099019	2025-01-12 16:39:00.099019
106451	21283	1	mandatory	2025-01-12 16:39:00.105455	2025-01-12 16:39:00.105455
106452	21283	7	mandatory	2025-01-12 16:39:00.105455	2025-01-12 16:39:00.105455
106453	21283	11	mandatory	2025-01-12 16:39:00.105455	2025-01-12 16:39:00.105455
106454	21283	2	alternative	2025-01-12 16:39:00.105455	2025-01-12 16:39:00.105455
106455	21283	6	alternative	2025-01-12 16:39:00.105455	2025-01-12 16:39:00.105455
106456	21284	5	mandatory	2025-01-12 16:39:00.110508	2025-01-12 16:39:00.110508
106457	21284	6	mandatory	2025-01-12 16:39:00.110508	2025-01-12 16:39:00.110508
106458	21284	1	mandatory	2025-01-12 16:39:00.110508	2025-01-12 16:39:00.110508
106459	21284	8	alternative	2025-01-12 16:39:00.110508	2025-01-12 16:39:00.110508
106460	21284	11	alternative	2025-01-12 16:39:00.110508	2025-01-12 16:39:00.110508
106461	21285	1	mandatory	2025-01-12 16:39:00.115154	2025-01-12 16:39:00.115154
106462	21285	2	mandatory	2025-01-12 16:39:00.115154	2025-01-12 16:39:00.115154
106463	21285	11	mandatory	2025-01-12 16:39:00.115154	2025-01-12 16:39:00.115154
106464	21285	3	alternative	2025-01-12 16:39:00.115154	2025-01-12 16:39:00.115154
106465	21285	4	alternative	2025-01-12 16:39:00.115154	2025-01-12 16:39:00.115154
106466	21286	8	mandatory	2025-01-12 16:39:00.119448	2025-01-12 16:39:00.119448
106467	21286	5	mandatory	2025-01-12 16:39:00.119448	2025-01-12 16:39:00.119448
106468	21286	1	mandatory	2025-01-12 16:39:00.119448	2025-01-12 16:39:00.119448
106469	21286	2	alternative	2025-01-12 16:39:00.119448	2025-01-12 16:39:00.119448
106470	21286	3	alternative	2025-01-12 16:39:00.119448	2025-01-12 16:39:00.119448
106471	21287	5	mandatory	2025-01-12 16:39:00.124025	2025-01-12 16:39:00.124025
106472	21287	8	mandatory	2025-01-12 16:39:00.124025	2025-01-12 16:39:00.124025
106473	21287	11	mandatory	2025-01-12 16:39:00.124025	2025-01-12 16:39:00.124025
106474	21287	6	alternative	2025-01-12 16:39:00.124025	2025-01-12 16:39:00.124025
106475	21287	2	alternative	2025-01-12 16:39:00.124025	2025-01-12 16:39:00.124025
106476	21288	5	mandatory	2025-01-12 16:39:00.12918	2025-01-12 16:39:00.12918
106477	21288	8	mandatory	2025-01-12 16:39:00.12918	2025-01-12 16:39:00.12918
106478	21288	3	mandatory	2025-01-12 16:39:00.12918	2025-01-12 16:39:00.12918
106479	21288	4	alternative	2025-01-12 16:39:00.12918	2025-01-12 16:39:00.12918
106480	21288	2	alternative	2025-01-12 16:39:00.12918	2025-01-12 16:39:00.12918
106481	21289	1	mandatory	2025-01-12 16:39:00.133986	2025-01-12 16:39:00.133986
106482	21289	2	mandatory	2025-01-12 16:39:00.133986	2025-01-12 16:39:00.133986
106483	21289	3	mandatory	2025-01-12 16:39:00.133986	2025-01-12 16:39:00.133986
106484	21289	7	alternative	2025-01-12 16:39:00.133986	2025-01-12 16:39:00.133986
106485	21289	4	alternative	2025-01-12 16:39:00.133986	2025-01-12 16:39:00.133986
106486	21290	11	mandatory	2025-01-12 16:39:00.138202	2025-01-12 16:39:00.138202
106487	21290	1	mandatory	2025-01-12 16:39:00.138202	2025-01-12 16:39:00.138202
106488	21290	2	mandatory	2025-01-12 16:39:00.138202	2025-01-12 16:39:00.138202
106489	21290	7	alternative	2025-01-12 16:39:00.138202	2025-01-12 16:39:00.138202
106490	21290	3	alternative	2025-01-12 16:39:00.138202	2025-01-12 16:39:00.138202
106491	21291	2	mandatory	2025-01-12 16:39:00.142808	2025-01-12 16:39:00.142808
106492	21291	4	mandatory	2025-01-12 16:39:00.142808	2025-01-12 16:39:00.142808
106493	21291	6	mandatory	2025-01-12 16:39:00.142808	2025-01-12 16:39:00.142808
106494	21291	1	alternative	2025-01-12 16:39:00.142808	2025-01-12 16:39:00.142808
106495	21291	5	alternative	2025-01-12 16:39:00.142808	2025-01-12 16:39:00.142808
106496	21292	8	mandatory	2025-01-12 16:39:00.147694	2025-01-12 16:39:00.147694
106497	21292	5	mandatory	2025-01-12 16:39:00.147694	2025-01-12 16:39:00.147694
106498	21292	3	mandatory	2025-01-12 16:39:00.147694	2025-01-12 16:39:00.147694
106499	21292	6	alternative	2025-01-12 16:39:00.147694	2025-01-12 16:39:00.147694
106500	21292	1	alternative	2025-01-12 16:39:00.147694	2025-01-12 16:39:00.147694
106501	21293	1	mandatory	2025-01-12 16:39:00.153666	2025-01-12 16:39:00.153666
106502	21293	4	mandatory	2025-01-12 16:39:00.153666	2025-01-12 16:39:00.153666
106503	21293	5	mandatory	2025-01-12 16:39:00.153666	2025-01-12 16:39:00.153666
106504	21293	2	alternative	2025-01-12 16:39:00.153666	2025-01-12 16:39:00.153666
106505	21293	3	alternative	2025-01-12 16:39:00.153666	2025-01-12 16:39:00.153666
106506	21294	6	mandatory	2025-01-12 16:39:00.159957	2025-01-12 16:39:00.159957
106507	21294	5	mandatory	2025-01-12 16:39:00.159957	2025-01-12 16:39:00.159957
106508	21294	4	mandatory	2025-01-12 16:39:00.159957	2025-01-12 16:39:00.159957
106509	21294	3	alternative	2025-01-12 16:39:00.159957	2025-01-12 16:39:00.159957
106510	21294	2	alternative	2025-01-12 16:39:00.159957	2025-01-12 16:39:00.159957
106511	21295	7	mandatory	2025-01-12 16:39:00.164951	2025-01-12 16:39:00.164951
106512	21295	11	mandatory	2025-01-12 16:39:00.164951	2025-01-12 16:39:00.164951
106513	21295	2	mandatory	2025-01-12 16:39:00.164951	2025-01-12 16:39:00.164951
106514	21295	1	alternative	2025-01-12 16:39:00.164951	2025-01-12 16:39:00.164951
106515	21295	4	alternative	2025-01-12 16:39:00.164951	2025-01-12 16:39:00.164951
106516	21296	7	mandatory	2025-01-12 16:39:00.170277	2025-01-12 16:39:00.170277
106517	21296	1	mandatory	2025-01-12 16:39:00.170277	2025-01-12 16:39:00.170277
106518	21296	2	mandatory	2025-01-12 16:39:00.170277	2025-01-12 16:39:00.170277
106519	21296	11	alternative	2025-01-12 16:39:00.170277	2025-01-12 16:39:00.170277
106520	21296	8	alternative	2025-01-12 16:39:00.170277	2025-01-12 16:39:00.170277
106521	21297	6	mandatory	2025-01-12 16:39:00.175638	2025-01-12 16:39:00.175638
106522	21297	3	mandatory	2025-01-12 16:39:00.175638	2025-01-12 16:39:00.175638
106523	21297	11	mandatory	2025-01-12 16:39:00.175638	2025-01-12 16:39:00.175638
106524	21297	1	alternative	2025-01-12 16:39:00.175638	2025-01-12 16:39:00.175638
106525	21297	2	alternative	2025-01-12 16:39:00.175638	2025-01-12 16:39:00.175638
106526	21298	2	mandatory	2025-01-12 16:39:00.180957	2025-01-12 16:39:00.180957
106527	21298	1	mandatory	2025-01-12 16:39:00.180957	2025-01-12 16:39:00.180957
106528	21298	4	mandatory	2025-01-12 16:39:00.180957	2025-01-12 16:39:00.180957
106529	21298	8	alternative	2025-01-12 16:39:00.180957	2025-01-12 16:39:00.180957
106530	21298	11	alternative	2025-01-12 16:39:00.180957	2025-01-12 16:39:00.180957
106531	21299	8	mandatory	2025-01-12 16:39:00.185188	2025-01-12 16:39:00.185188
106532	21299	1	mandatory	2025-01-12 16:39:00.185188	2025-01-12 16:39:00.185188
106533	21299	2	mandatory	2025-01-12 16:39:00.185188	2025-01-12 16:39:00.185188
106534	21299	11	alternative	2025-01-12 16:39:00.185188	2025-01-12 16:39:00.185188
106535	21299	3	alternative	2025-01-12 16:39:00.185188	2025-01-12 16:39:00.185188
106536	21300	11	mandatory	2025-01-12 16:39:00.19033	2025-01-12 16:39:00.19033
106537	21300	6	mandatory	2025-01-12 16:39:00.19033	2025-01-12 16:39:00.19033
106538	21300	4	mandatory	2025-01-12 16:39:00.19033	2025-01-12 16:39:00.19033
106539	21300	3	alternative	2025-01-12 16:39:00.19033	2025-01-12 16:39:00.19033
106540	21300	5	alternative	2025-01-12 16:39:00.19033	2025-01-12 16:39:00.19033
106541	21301	3	mandatory	2025-01-12 16:39:00.194969	2025-01-12 16:39:00.194969
106542	21301	4	mandatory	2025-01-12 16:39:00.194969	2025-01-12 16:39:00.194969
106543	21301	2	mandatory	2025-01-12 16:39:00.194969	2025-01-12 16:39:00.194969
106544	21301	5	alternative	2025-01-12 16:39:00.194969	2025-01-12 16:39:00.194969
106545	21301	7	alternative	2025-01-12 16:39:00.194969	2025-01-12 16:39:00.194969
106546	21302	8	mandatory	2025-01-12 16:39:00.199406	2025-01-12 16:39:00.199406
106547	21302	4	mandatory	2025-01-12 16:39:00.199406	2025-01-12 16:39:00.199406
106548	21302	11	mandatory	2025-01-12 16:39:00.199406	2025-01-12 16:39:00.199406
106549	21302	6	alternative	2025-01-12 16:39:00.199406	2025-01-12 16:39:00.199406
106550	21302	1	alternative	2025-01-12 16:39:00.199406	2025-01-12 16:39:00.199406
106551	21303	8	mandatory	2025-01-12 16:39:00.203687	2025-01-12 16:39:00.203687
106552	21303	1	mandatory	2025-01-12 16:39:00.203687	2025-01-12 16:39:00.203687
106553	21303	2	mandatory	2025-01-12 16:39:00.203687	2025-01-12 16:39:00.203687
106554	21303	6	alternative	2025-01-12 16:39:00.203687	2025-01-12 16:39:00.203687
106555	21303	7	alternative	2025-01-12 16:39:00.203687	2025-01-12 16:39:00.203687
106556	21304	8	mandatory	2025-01-12 16:39:00.208456	2025-01-12 16:39:00.208456
106557	21304	7	mandatory	2025-01-12 16:39:00.208456	2025-01-12 16:39:00.208456
106558	21304	6	mandatory	2025-01-12 16:39:00.208456	2025-01-12 16:39:00.208456
106559	21304	5	alternative	2025-01-12 16:39:00.208456	2025-01-12 16:39:00.208456
106560	21304	4	alternative	2025-01-12 16:39:00.208456	2025-01-12 16:39:00.208456
106561	21305	6	mandatory	2025-01-12 16:39:00.212889	2025-01-12 16:39:00.212889
106562	21305	3	mandatory	2025-01-12 16:39:00.212889	2025-01-12 16:39:00.212889
106563	21305	4	mandatory	2025-01-12 16:39:00.212889	2025-01-12 16:39:00.212889
106564	21305	7	alternative	2025-01-12 16:39:00.212889	2025-01-12 16:39:00.212889
106565	21305	5	alternative	2025-01-12 16:39:00.212889	2025-01-12 16:39:00.212889
106566	21306	6	mandatory	2025-01-12 16:39:00.217178	2025-01-12 16:39:00.217178
106567	21306	3	mandatory	2025-01-12 16:39:00.217178	2025-01-12 16:39:00.217178
106568	21306	2	mandatory	2025-01-12 16:39:00.217178	2025-01-12 16:39:00.217178
106569	21306	4	alternative	2025-01-12 16:39:00.217178	2025-01-12 16:39:00.217178
106570	21306	7	alternative	2025-01-12 16:39:00.217178	2025-01-12 16:39:00.217178
106571	21307	1	mandatory	2025-01-12 16:39:00.221534	2025-01-12 16:39:00.221534
106572	21307	5	mandatory	2025-01-12 16:39:00.221534	2025-01-12 16:39:00.221534
106573	21307	4	mandatory	2025-01-12 16:39:00.221534	2025-01-12 16:39:00.221534
106574	21307	6	alternative	2025-01-12 16:39:00.221534	2025-01-12 16:39:00.221534
106575	21307	11	alternative	2025-01-12 16:39:00.221534	2025-01-12 16:39:00.221534
106576	21308	4	mandatory	2025-01-12 16:39:00.225943	2025-01-12 16:39:00.225943
106577	21308	2	mandatory	2025-01-12 16:39:00.225943	2025-01-12 16:39:00.225943
106578	21308	3	mandatory	2025-01-12 16:39:00.225943	2025-01-12 16:39:00.225943
106579	21308	1	alternative	2025-01-12 16:39:00.225943	2025-01-12 16:39:00.225943
106580	21308	8	alternative	2025-01-12 16:39:00.225943	2025-01-12 16:39:00.225943
106581	21309	5	mandatory	2025-01-12 16:39:00.23061	2025-01-12 16:39:00.23061
106582	21309	1	mandatory	2025-01-12 16:39:00.23061	2025-01-12 16:39:00.23061
106583	21309	2	mandatory	2025-01-12 16:39:00.23061	2025-01-12 16:39:00.23061
106584	21309	8	alternative	2025-01-12 16:39:00.23061	2025-01-12 16:39:00.23061
106585	21309	11	alternative	2025-01-12 16:39:00.23061	2025-01-12 16:39:00.23061
106586	21310	2	mandatory	2025-01-12 16:39:00.235217	2025-01-12 16:39:00.235217
106587	21310	5	mandatory	2025-01-12 16:39:00.235217	2025-01-12 16:39:00.235217
106588	21310	11	mandatory	2025-01-12 16:39:00.235217	2025-01-12 16:39:00.235217
106589	21310	4	alternative	2025-01-12 16:39:00.235217	2025-01-12 16:39:00.235217
106590	21310	1	alternative	2025-01-12 16:39:00.235217	2025-01-12 16:39:00.235217
106591	21311	1	mandatory	2025-01-12 16:39:00.24166	2025-01-12 16:39:00.24166
106592	21311	7	mandatory	2025-01-12 16:39:00.24166	2025-01-12 16:39:00.24166
106593	21311	4	mandatory	2025-01-12 16:39:00.24166	2025-01-12 16:39:00.24166
106594	21311	2	alternative	2025-01-12 16:39:00.24166	2025-01-12 16:39:00.24166
106595	21311	11	alternative	2025-01-12 16:39:00.24166	2025-01-12 16:39:00.24166
106596	21312	8	mandatory	2025-01-12 16:39:00.248258	2025-01-12 16:39:00.248258
106597	21312	7	mandatory	2025-01-12 16:39:00.248258	2025-01-12 16:39:00.248258
106598	21312	3	mandatory	2025-01-12 16:39:00.248258	2025-01-12 16:39:00.248258
106599	21312	2	alternative	2025-01-12 16:39:00.248258	2025-01-12 16:39:00.248258
106600	21312	11	alternative	2025-01-12 16:39:00.248258	2025-01-12 16:39:00.248258
106601	21313	2	mandatory	2025-01-12 16:39:00.254766	2025-01-12 16:39:00.254766
106602	21313	11	mandatory	2025-01-12 16:39:00.254766	2025-01-12 16:39:00.254766
106603	21313	7	mandatory	2025-01-12 16:39:00.254766	2025-01-12 16:39:00.254766
106604	21313	4	alternative	2025-01-12 16:39:00.254766	2025-01-12 16:39:00.254766
106605	21313	8	alternative	2025-01-12 16:39:00.254766	2025-01-12 16:39:00.254766
106606	21314	4	mandatory	2025-01-12 16:39:00.259439	2025-01-12 16:39:00.259439
106607	21314	3	mandatory	2025-01-12 16:39:00.259439	2025-01-12 16:39:00.259439
106608	21314	6	mandatory	2025-01-12 16:39:00.259439	2025-01-12 16:39:00.259439
106609	21314	2	alternative	2025-01-12 16:39:00.259439	2025-01-12 16:39:00.259439
106610	21314	5	alternative	2025-01-12 16:39:00.259439	2025-01-12 16:39:00.259439
106611	21315	5	mandatory	2025-01-12 16:39:00.264474	2025-01-12 16:39:00.264474
106612	21315	1	mandatory	2025-01-12 16:39:00.264474	2025-01-12 16:39:00.264474
106613	21315	4	mandatory	2025-01-12 16:39:00.264474	2025-01-12 16:39:00.264474
106614	21315	2	alternative	2025-01-12 16:39:00.264474	2025-01-12 16:39:00.264474
106615	21315	8	alternative	2025-01-12 16:39:00.264474	2025-01-12 16:39:00.264474
106616	21316	2	mandatory	2025-01-12 16:39:00.271469	2025-01-12 16:39:00.271469
106617	21316	8	mandatory	2025-01-12 16:39:00.271469	2025-01-12 16:39:00.271469
106618	21316	1	mandatory	2025-01-12 16:39:00.271469	2025-01-12 16:39:00.271469
106619	21316	3	alternative	2025-01-12 16:39:00.271469	2025-01-12 16:39:00.271469
106620	21316	11	alternative	2025-01-12 16:39:00.271469	2025-01-12 16:39:00.271469
106621	21317	2	mandatory	2025-01-12 16:39:00.278513	2025-01-12 16:39:00.278513
106622	21317	1	mandatory	2025-01-12 16:39:00.278513	2025-01-12 16:39:00.278513
106623	21317	6	mandatory	2025-01-12 16:39:00.278513	2025-01-12 16:39:00.278513
106624	21317	4	alternative	2025-01-12 16:39:00.278513	2025-01-12 16:39:00.278513
106625	21317	5	alternative	2025-01-12 16:39:00.278513	2025-01-12 16:39:00.278513
106626	21318	3	mandatory	2025-01-12 16:39:00.28503	2025-01-12 16:39:00.28503
106627	21318	5	mandatory	2025-01-12 16:39:00.28503	2025-01-12 16:39:00.28503
106628	21318	1	mandatory	2025-01-12 16:39:00.28503	2025-01-12 16:39:00.28503
106629	21318	11	alternative	2025-01-12 16:39:00.28503	2025-01-12 16:39:00.28503
106630	21318	2	alternative	2025-01-12 16:39:00.28503	2025-01-12 16:39:00.28503
106631	21319	4	mandatory	2025-01-12 16:39:00.292277	2025-01-12 16:39:00.292277
106632	21319	1	mandatory	2025-01-12 16:39:00.292277	2025-01-12 16:39:00.292277
106633	21319	8	mandatory	2025-01-12 16:39:00.292277	2025-01-12 16:39:00.292277
106634	21319	5	alternative	2025-01-12 16:39:00.292277	2025-01-12 16:39:00.292277
106635	21319	2	alternative	2025-01-12 16:39:00.292277	2025-01-12 16:39:00.292277
106636	21320	3	mandatory	2025-01-12 16:39:00.297277	2025-01-12 16:39:00.297277
106637	21320	2	mandatory	2025-01-12 16:39:00.297277	2025-01-12 16:39:00.297277
106638	21320	5	mandatory	2025-01-12 16:39:00.297277	2025-01-12 16:39:00.297277
106639	21320	4	alternative	2025-01-12 16:39:00.297277	2025-01-12 16:39:00.297277
106640	21320	1	alternative	2025-01-12 16:39:00.297277	2025-01-12 16:39:00.297277
106641	21321	3	mandatory	2025-01-12 16:39:00.30357	2025-01-12 16:39:00.30357
106642	21321	4	mandatory	2025-01-12 16:39:00.30357	2025-01-12 16:39:00.30357
106643	21321	1	mandatory	2025-01-12 16:39:00.30357	2025-01-12 16:39:00.30357
106644	21321	7	alternative	2025-01-12 16:39:00.30357	2025-01-12 16:39:00.30357
106645	21321	8	alternative	2025-01-12 16:39:00.30357	2025-01-12 16:39:00.30357
106646	21322	2	mandatory	2025-01-12 16:39:00.309693	2025-01-12 16:39:00.309693
106647	21322	7	mandatory	2025-01-12 16:39:00.309693	2025-01-12 16:39:00.309693
106648	21322	1	mandatory	2025-01-12 16:39:00.309693	2025-01-12 16:39:00.309693
106649	21322	4	alternative	2025-01-12 16:39:00.309693	2025-01-12 16:39:00.309693
106650	21322	6	alternative	2025-01-12 16:39:00.309693	2025-01-12 16:39:00.309693
106651	21323	1	mandatory	2025-01-12 16:39:00.316045	2025-01-12 16:39:00.316045
106652	21323	2	mandatory	2025-01-12 16:39:00.316045	2025-01-12 16:39:00.316045
106653	21323	3	mandatory	2025-01-12 16:39:00.316045	2025-01-12 16:39:00.316045
106654	21323	5	alternative	2025-01-12 16:39:00.316045	2025-01-12 16:39:00.316045
106655	21323	7	alternative	2025-01-12 16:39:00.316045	2025-01-12 16:39:00.316045
106656	21324	4	mandatory	2025-01-12 16:39:00.322656	2025-01-12 16:39:00.322656
106657	21324	3	mandatory	2025-01-12 16:39:00.322656	2025-01-12 16:39:00.322656
106658	21324	11	mandatory	2025-01-12 16:39:00.322656	2025-01-12 16:39:00.322656
106659	21324	7	alternative	2025-01-12 16:39:00.322656	2025-01-12 16:39:00.322656
106660	21324	2	alternative	2025-01-12 16:39:00.322656	2025-01-12 16:39:00.322656
106661	21325	5	mandatory	2025-01-12 16:39:00.329145	2025-01-12 16:39:00.329145
106662	21325	4	mandatory	2025-01-12 16:39:00.329145	2025-01-12 16:39:00.329145
106663	21325	6	mandatory	2025-01-12 16:39:00.329145	2025-01-12 16:39:00.329145
106664	21325	3	alternative	2025-01-12 16:39:00.329145	2025-01-12 16:39:00.329145
106665	21325	2	alternative	2025-01-12 16:39:00.329145	2025-01-12 16:39:00.329145
106666	21326	1	mandatory	2025-01-12 16:39:00.335231	2025-01-12 16:39:00.335231
106667	21326	4	mandatory	2025-01-12 16:39:00.335231	2025-01-12 16:39:00.335231
106668	21326	7	mandatory	2025-01-12 16:39:00.335231	2025-01-12 16:39:00.335231
106669	21326	11	alternative	2025-01-12 16:39:00.335231	2025-01-12 16:39:00.335231
106670	21326	2	alternative	2025-01-12 16:39:00.335231	2025-01-12 16:39:00.335231
106671	21327	2	mandatory	2025-01-12 16:39:00.340874	2025-01-12 16:39:00.340874
106672	21327	6	mandatory	2025-01-12 16:39:00.340874	2025-01-12 16:39:00.340874
106673	21327	7	mandatory	2025-01-12 16:39:00.340874	2025-01-12 16:39:00.340874
106674	21327	3	alternative	2025-01-12 16:39:00.340874	2025-01-12 16:39:00.340874
106675	21327	11	alternative	2025-01-12 16:39:00.340874	2025-01-12 16:39:00.340874
106676	21328	5	mandatory	2025-01-12 16:39:00.346494	2025-01-12 16:39:00.346494
106677	21328	4	mandatory	2025-01-12 16:39:00.346494	2025-01-12 16:39:00.346494
106678	21328	7	mandatory	2025-01-12 16:39:00.346494	2025-01-12 16:39:00.346494
106679	21328	3	alternative	2025-01-12 16:39:00.346494	2025-01-12 16:39:00.346494
106680	21328	2	alternative	2025-01-12 16:39:00.346494	2025-01-12 16:39:00.346494
106681	21329	2	mandatory	2025-01-12 16:39:00.352092	2025-01-12 16:39:00.352092
106682	21329	11	mandatory	2025-01-12 16:39:00.352092	2025-01-12 16:39:00.352092
106683	21329	6	mandatory	2025-01-12 16:39:00.352092	2025-01-12 16:39:00.352092
106684	21329	3	alternative	2025-01-12 16:39:00.352092	2025-01-12 16:39:00.352092
106685	21329	1	alternative	2025-01-12 16:39:00.352092	2025-01-12 16:39:00.352092
106686	21330	1	mandatory	2025-01-12 16:39:00.35837	2025-01-12 16:39:00.35837
106687	21330	2	mandatory	2025-01-12 16:39:00.35837	2025-01-12 16:39:00.35837
106688	21330	6	mandatory	2025-01-12 16:39:00.35837	2025-01-12 16:39:00.35837
106689	21330	7	alternative	2025-01-12 16:39:00.35837	2025-01-12 16:39:00.35837
106690	21330	11	alternative	2025-01-12 16:39:00.35837	2025-01-12 16:39:00.35837
106691	21331	4	mandatory	2025-01-12 16:39:00.363718	2025-01-12 16:39:00.363718
106692	21331	5	mandatory	2025-01-12 16:39:00.363718	2025-01-12 16:39:00.363718
106693	21331	7	mandatory	2025-01-12 16:39:00.363718	2025-01-12 16:39:00.363718
106694	21331	6	alternative	2025-01-12 16:39:00.363718	2025-01-12 16:39:00.363718
106695	21331	3	alternative	2025-01-12 16:39:00.363718	2025-01-12 16:39:00.363718
106696	21332	2	mandatory	2025-01-12 16:39:00.369502	2025-01-12 16:39:00.369502
106697	21332	4	mandatory	2025-01-12 16:39:00.369502	2025-01-12 16:39:00.369502
106698	21332	5	mandatory	2025-01-12 16:39:00.369502	2025-01-12 16:39:00.369502
106699	21332	1	alternative	2025-01-12 16:39:00.369502	2025-01-12 16:39:00.369502
106700	21332	7	alternative	2025-01-12 16:39:00.369502	2025-01-12 16:39:00.369502
106701	21333	5	mandatory	2025-01-12 16:39:00.375816	2025-01-12 16:39:00.375816
106702	21333	4	mandatory	2025-01-12 16:39:00.375816	2025-01-12 16:39:00.375816
106703	21333	6	mandatory	2025-01-12 16:39:00.375816	2025-01-12 16:39:00.375816
106704	21333	3	alternative	2025-01-12 16:39:00.375816	2025-01-12 16:39:00.375816
106705	21333	8	alternative	2025-01-12 16:39:00.375816	2025-01-12 16:39:00.375816
106706	21334	4	mandatory	2025-01-12 16:39:00.381866	2025-01-12 16:39:00.381866
106707	21334	3	mandatory	2025-01-12 16:39:00.381866	2025-01-12 16:39:00.381866
106708	21334	7	mandatory	2025-01-12 16:39:00.381866	2025-01-12 16:39:00.381866
106709	21334	5	alternative	2025-01-12 16:39:00.381866	2025-01-12 16:39:00.381866
106710	21334	6	alternative	2025-01-12 16:39:00.381866	2025-01-12 16:39:00.381866
106711	21335	8	mandatory	2025-01-12 16:39:00.387355	2025-01-12 16:39:00.387355
106712	21335	6	mandatory	2025-01-12 16:39:00.387355	2025-01-12 16:39:00.387355
106713	21335	3	mandatory	2025-01-12 16:39:00.387355	2025-01-12 16:39:00.387355
106714	21335	11	alternative	2025-01-12 16:39:00.387355	2025-01-12 16:39:00.387355
106715	21335	4	alternative	2025-01-12 16:39:00.387355	2025-01-12 16:39:00.387355
106716	21336	5	mandatory	2025-01-12 16:39:00.393436	2025-01-12 16:39:00.393436
106717	21336	1	mandatory	2025-01-12 16:39:00.393436	2025-01-12 16:39:00.393436
106718	21336	2	mandatory	2025-01-12 16:39:00.393436	2025-01-12 16:39:00.393436
106719	21336	4	alternative	2025-01-12 16:39:00.393436	2025-01-12 16:39:00.393436
106720	21336	11	alternative	2025-01-12 16:39:00.393436	2025-01-12 16:39:00.393436
106721	21337	11	mandatory	2025-01-12 16:39:00.398952	2025-01-12 16:39:00.398952
106722	21337	4	mandatory	2025-01-12 16:39:00.398952	2025-01-12 16:39:00.398952
106723	21337	3	mandatory	2025-01-12 16:39:00.398952	2025-01-12 16:39:00.398952
106724	21337	2	alternative	2025-01-12 16:39:00.398952	2025-01-12 16:39:00.398952
106725	21337	7	alternative	2025-01-12 16:39:00.398952	2025-01-12 16:39:00.398952
106726	21338	8	mandatory	2025-01-12 16:39:00.403784	2025-01-12 16:39:00.403784
106727	21338	1	mandatory	2025-01-12 16:39:00.403784	2025-01-12 16:39:00.403784
106728	21338	3	mandatory	2025-01-12 16:39:00.403784	2025-01-12 16:39:00.403784
106729	21338	4	alternative	2025-01-12 16:39:00.403784	2025-01-12 16:39:00.403784
106730	21338	5	alternative	2025-01-12 16:39:00.403784	2025-01-12 16:39:00.403784
106731	21339	4	mandatory	2025-01-12 16:39:00.409471	2025-01-12 16:39:00.409471
106732	21339	2	mandatory	2025-01-12 16:39:00.409471	2025-01-12 16:39:00.409471
106733	21339	7	mandatory	2025-01-12 16:39:00.409471	2025-01-12 16:39:00.409471
106734	21339	1	alternative	2025-01-12 16:39:00.409471	2025-01-12 16:39:00.409471
106735	21339	11	alternative	2025-01-12 16:39:00.409471	2025-01-12 16:39:00.409471
106736	21340	6	mandatory	2025-01-12 16:39:00.415974	2025-01-12 16:39:00.415974
106737	21340	5	mandatory	2025-01-12 16:39:00.415974	2025-01-12 16:39:00.415974
106738	21340	4	mandatory	2025-01-12 16:39:00.415974	2025-01-12 16:39:00.415974
106739	21340	8	alternative	2025-01-12 16:39:00.415974	2025-01-12 16:39:00.415974
106740	21340	7	alternative	2025-01-12 16:39:00.415974	2025-01-12 16:39:00.415974
106741	21341	4	mandatory	2025-01-12 16:39:00.42259	2025-01-12 16:39:00.42259
106742	21341	11	mandatory	2025-01-12 16:39:00.42259	2025-01-12 16:39:00.42259
106743	21341	6	mandatory	2025-01-12 16:39:00.42259	2025-01-12 16:39:00.42259
106744	21341	3	alternative	2025-01-12 16:39:00.42259	2025-01-12 16:39:00.42259
106745	21341	2	alternative	2025-01-12 16:39:00.42259	2025-01-12 16:39:00.42259
106746	21342	4	mandatory	2025-01-12 16:39:00.428267	2025-01-12 16:39:00.428267
106747	21342	3	mandatory	2025-01-12 16:39:00.428267	2025-01-12 16:39:00.428267
106748	21342	11	mandatory	2025-01-12 16:39:00.428267	2025-01-12 16:39:00.428267
106749	21342	6	alternative	2025-01-12 16:39:00.428267	2025-01-12 16:39:00.428267
106750	21342	2	alternative	2025-01-12 16:39:00.428267	2025-01-12 16:39:00.428267
106751	21343	3	mandatory	2025-01-12 16:39:00.434447	2025-01-12 16:39:00.434447
106752	21343	8	mandatory	2025-01-12 16:39:00.434447	2025-01-12 16:39:00.434447
106753	21343	1	mandatory	2025-01-12 16:39:00.434447	2025-01-12 16:39:00.434447
106754	21343	4	alternative	2025-01-12 16:39:00.434447	2025-01-12 16:39:00.434447
106755	21343	5	alternative	2025-01-12 16:39:00.434447	2025-01-12 16:39:00.434447
106756	21344	3	mandatory	2025-01-12 16:39:00.439706	2025-01-12 16:39:00.439706
106757	21344	7	mandatory	2025-01-12 16:39:00.439706	2025-01-12 16:39:00.439706
106758	21344	2	mandatory	2025-01-12 16:39:00.439706	2025-01-12 16:39:00.439706
106759	21344	6	alternative	2025-01-12 16:39:00.439706	2025-01-12 16:39:00.439706
106760	21344	8	alternative	2025-01-12 16:39:00.439706	2025-01-12 16:39:00.439706
106761	21345	4	mandatory	2025-01-12 16:39:00.445762	2025-01-12 16:39:00.445762
106762	21345	3	mandatory	2025-01-12 16:39:00.445762	2025-01-12 16:39:00.445762
106763	21345	5	mandatory	2025-01-12 16:39:00.445762	2025-01-12 16:39:00.445762
106764	21345	11	alternative	2025-01-12 16:39:00.445762	2025-01-12 16:39:00.445762
106765	21345	2	alternative	2025-01-12 16:39:00.445762	2025-01-12 16:39:00.445762
106766	21346	3	mandatory	2025-01-12 16:39:00.451654	2025-01-12 16:39:00.451654
106767	21346	5	mandatory	2025-01-12 16:39:00.451654	2025-01-12 16:39:00.451654
106768	21346	8	mandatory	2025-01-12 16:39:00.451654	2025-01-12 16:39:00.451654
106769	21346	2	alternative	2025-01-12 16:39:00.451654	2025-01-12 16:39:00.451654
106770	21346	1	alternative	2025-01-12 16:39:00.451654	2025-01-12 16:39:00.451654
106771	21347	7	mandatory	2025-01-12 16:39:00.457756	2025-01-12 16:39:00.457756
106772	21347	8	mandatory	2025-01-12 16:39:00.457756	2025-01-12 16:39:00.457756
106773	21347	6	mandatory	2025-01-12 16:39:00.457756	2025-01-12 16:39:00.457756
106774	21347	5	alternative	2025-01-12 16:39:00.457756	2025-01-12 16:39:00.457756
106775	21347	4	alternative	2025-01-12 16:39:00.457756	2025-01-12 16:39:00.457756
106776	21348	5	mandatory	2025-01-12 16:39:00.463727	2025-01-12 16:39:00.463727
106777	21348	2	mandatory	2025-01-12 16:39:00.463727	2025-01-12 16:39:00.463727
106778	21348	4	mandatory	2025-01-12 16:39:00.463727	2025-01-12 16:39:00.463727
106779	21348	1	alternative	2025-01-12 16:39:00.463727	2025-01-12 16:39:00.463727
106780	21348	8	alternative	2025-01-12 16:39:00.463727	2025-01-12 16:39:00.463727
106781	21349	1	mandatory	2025-01-12 16:39:00.469846	2025-01-12 16:39:00.469846
106782	21349	4	mandatory	2025-01-12 16:39:00.469846	2025-01-12 16:39:00.469846
106783	21349	2	mandatory	2025-01-12 16:39:00.469846	2025-01-12 16:39:00.469846
106784	21349	8	alternative	2025-01-12 16:39:00.469846	2025-01-12 16:39:00.469846
106785	21349	7	alternative	2025-01-12 16:39:00.469846	2025-01-12 16:39:00.469846
106786	21350	7	mandatory	2025-01-12 16:39:00.475437	2025-01-12 16:39:00.475437
106787	21350	4	mandatory	2025-01-12 16:39:00.475437	2025-01-12 16:39:00.475437
106788	21350	1	mandatory	2025-01-12 16:39:00.475437	2025-01-12 16:39:00.475437
106789	21350	8	alternative	2025-01-12 16:39:00.475437	2025-01-12 16:39:00.475437
106790	21350	11	alternative	2025-01-12 16:39:00.475437	2025-01-12 16:39:00.475437
106791	21351	1	mandatory	2025-01-12 16:39:00.481077	2025-01-12 16:39:00.481077
106792	21351	7	mandatory	2025-01-12 16:39:00.481077	2025-01-12 16:39:00.481077
106793	21351	2	mandatory	2025-01-12 16:39:00.481077	2025-01-12 16:39:00.481077
106794	21351	3	alternative	2025-01-12 16:39:00.481077	2025-01-12 16:39:00.481077
106795	21351	11	alternative	2025-01-12 16:39:00.481077	2025-01-12 16:39:00.481077
106796	21352	3	mandatory	2025-01-12 16:39:00.486664	2025-01-12 16:39:00.486664
106797	21352	2	mandatory	2025-01-12 16:39:00.486664	2025-01-12 16:39:00.486664
106798	21352	7	mandatory	2025-01-12 16:39:00.486664	2025-01-12 16:39:00.486664
106799	21352	1	alternative	2025-01-12 16:39:00.486664	2025-01-12 16:39:00.486664
106800	21352	6	alternative	2025-01-12 16:39:00.486664	2025-01-12 16:39:00.486664
106801	21353	4	mandatory	2025-01-12 16:39:00.492912	2025-01-12 16:39:00.492912
106802	21353	1	mandatory	2025-01-12 16:39:00.492912	2025-01-12 16:39:00.492912
106803	21353	5	mandatory	2025-01-12 16:39:00.492912	2025-01-12 16:39:00.492912
106804	21353	11	alternative	2025-01-12 16:39:00.492912	2025-01-12 16:39:00.492912
106805	21353	8	alternative	2025-01-12 16:39:00.492912	2025-01-12 16:39:00.492912
106806	21354	6	mandatory	2025-01-12 16:39:00.499784	2025-01-12 16:39:00.499784
106807	21354	1	mandatory	2025-01-12 16:39:00.499784	2025-01-12 16:39:00.499784
106808	21354	5	mandatory	2025-01-12 16:39:00.499784	2025-01-12 16:39:00.499784
106809	21354	7	alternative	2025-01-12 16:39:00.499784	2025-01-12 16:39:00.499784
106810	21354	2	alternative	2025-01-12 16:39:00.499784	2025-01-12 16:39:00.499784
106811	21355	4	mandatory	2025-01-12 16:39:00.506483	2025-01-12 16:39:00.506483
106812	21355	5	mandatory	2025-01-12 16:39:00.506483	2025-01-12 16:39:00.506483
106813	21355	3	mandatory	2025-01-12 16:39:00.506483	2025-01-12 16:39:00.506483
106814	21355	7	alternative	2025-01-12 16:39:00.506483	2025-01-12 16:39:00.506483
106815	21355	2	alternative	2025-01-12 16:39:00.506483	2025-01-12 16:39:00.506483
106816	21356	1	mandatory	2025-01-12 16:39:00.512176	2025-01-12 16:39:00.512176
106817	21356	6	mandatory	2025-01-12 16:39:00.512176	2025-01-12 16:39:00.512176
106818	21356	2	mandatory	2025-01-12 16:39:00.512176	2025-01-12 16:39:00.512176
106819	21356	8	alternative	2025-01-12 16:39:00.512176	2025-01-12 16:39:00.512176
106820	21356	5	alternative	2025-01-12 16:39:00.512176	2025-01-12 16:39:00.512176
106821	21357	4	mandatory	2025-01-12 16:39:00.516852	2025-01-12 16:39:00.516852
106822	21357	8	mandatory	2025-01-12 16:39:00.516852	2025-01-12 16:39:00.516852
106823	21357	11	mandatory	2025-01-12 16:39:00.516852	2025-01-12 16:39:00.516852
106824	21357	5	alternative	2025-01-12 16:39:00.516852	2025-01-12 16:39:00.516852
106825	21357	3	alternative	2025-01-12 16:39:00.516852	2025-01-12 16:39:00.516852
106826	21358	1	mandatory	2025-01-12 16:39:00.521496	2025-01-12 16:39:00.521496
106827	21358	2	mandatory	2025-01-12 16:39:00.521496	2025-01-12 16:39:00.521496
106828	21358	6	mandatory	2025-01-12 16:39:00.521496	2025-01-12 16:39:00.521496
106829	21358	7	alternative	2025-01-12 16:39:00.521496	2025-01-12 16:39:00.521496
106830	21358	4	alternative	2025-01-12 16:39:00.521496	2025-01-12 16:39:00.521496
106831	21359	2	mandatory	2025-01-12 16:39:00.526541	2025-01-12 16:39:00.526541
106832	21359	3	mandatory	2025-01-12 16:39:00.526541	2025-01-12 16:39:00.526541
106833	21359	7	mandatory	2025-01-12 16:39:00.526541	2025-01-12 16:39:00.526541
106834	21359	8	alternative	2025-01-12 16:39:00.526541	2025-01-12 16:39:00.526541
106835	21359	1	alternative	2025-01-12 16:39:00.526541	2025-01-12 16:39:00.526541
106836	21360	5	mandatory	2025-01-12 16:39:00.531237	2025-01-12 16:39:00.531237
106837	21360	1	mandatory	2025-01-12 16:39:00.531237	2025-01-12 16:39:00.531237
106838	21360	4	mandatory	2025-01-12 16:39:00.531237	2025-01-12 16:39:00.531237
106839	21360	2	alternative	2025-01-12 16:39:00.531237	2025-01-12 16:39:00.531237
106840	21360	11	alternative	2025-01-12 16:39:00.531237	2025-01-12 16:39:00.531237
106841	21361	7	mandatory	2025-01-12 16:39:00.535572	2025-01-12 16:39:00.535572
106842	21361	1	mandatory	2025-01-12 16:39:00.535572	2025-01-12 16:39:00.535572
106843	21361	11	mandatory	2025-01-12 16:39:00.535572	2025-01-12 16:39:00.535572
106844	21361	8	alternative	2025-01-12 16:39:00.535572	2025-01-12 16:39:00.535572
106845	21361	2	alternative	2025-01-12 16:39:00.535572	2025-01-12 16:39:00.535572
106846	21362	7	mandatory	2025-01-12 16:39:00.540508	2025-01-12 16:39:00.540508
106847	21362	1	mandatory	2025-01-12 16:39:00.540508	2025-01-12 16:39:00.540508
106848	21362	2	mandatory	2025-01-12 16:39:00.540508	2025-01-12 16:39:00.540508
106849	21362	3	alternative	2025-01-12 16:39:00.540508	2025-01-12 16:39:00.540508
106850	21362	6	alternative	2025-01-12 16:39:00.540508	2025-01-12 16:39:00.540508
106851	21363	3	mandatory	2025-01-12 16:39:00.54527	2025-01-12 16:39:00.54527
106852	21363	2	mandatory	2025-01-12 16:39:00.54527	2025-01-12 16:39:00.54527
106853	21363	7	mandatory	2025-01-12 16:39:00.54527	2025-01-12 16:39:00.54527
106854	21363	1	alternative	2025-01-12 16:39:00.54527	2025-01-12 16:39:00.54527
106855	21363	5	alternative	2025-01-12 16:39:00.54527	2025-01-12 16:39:00.54527
106856	21364	3	mandatory	2025-01-12 16:39:00.550331	2025-01-12 16:39:00.550331
106857	21364	2	mandatory	2025-01-12 16:39:00.550331	2025-01-12 16:39:00.550331
106858	21364	5	mandatory	2025-01-12 16:39:00.550331	2025-01-12 16:39:00.550331
106859	21364	8	alternative	2025-01-12 16:39:00.550331	2025-01-12 16:39:00.550331
106860	21364	1	alternative	2025-01-12 16:39:00.550331	2025-01-12 16:39:00.550331
106861	21365	3	mandatory	2025-01-12 16:39:00.55537	2025-01-12 16:39:00.55537
106862	21365	2	mandatory	2025-01-12 16:39:00.55537	2025-01-12 16:39:00.55537
106863	21365	6	mandatory	2025-01-12 16:39:00.55537	2025-01-12 16:39:00.55537
106864	21365	1	alternative	2025-01-12 16:39:00.55537	2025-01-12 16:39:00.55537
106865	21365	5	alternative	2025-01-12 16:39:00.55537	2025-01-12 16:39:00.55537
106866	21366	5	mandatory	2025-01-12 16:39:00.560031	2025-01-12 16:39:00.560031
106867	21366	8	mandatory	2025-01-12 16:39:00.560031	2025-01-12 16:39:00.560031
106868	21366	11	mandatory	2025-01-12 16:39:00.560031	2025-01-12 16:39:00.560031
106869	21366	6	alternative	2025-01-12 16:39:00.560031	2025-01-12 16:39:00.560031
106870	21366	1	alternative	2025-01-12 16:39:00.560031	2025-01-12 16:39:00.560031
106871	21367	4	mandatory	2025-01-12 16:39:00.564484	2025-01-12 16:39:00.564484
106872	21367	2	mandatory	2025-01-12 16:39:00.564484	2025-01-12 16:39:00.564484
106873	21367	11	mandatory	2025-01-12 16:39:00.564484	2025-01-12 16:39:00.564484
106874	21367	7	alternative	2025-01-12 16:39:00.564484	2025-01-12 16:39:00.564484
106875	21367	1	alternative	2025-01-12 16:39:00.564484	2025-01-12 16:39:00.564484
106876	21368	6	mandatory	2025-01-12 16:39:00.568926	2025-01-12 16:39:00.568926
106877	21368	5	mandatory	2025-01-12 16:39:00.568926	2025-01-12 16:39:00.568926
106878	21368	7	mandatory	2025-01-12 16:39:00.568926	2025-01-12 16:39:00.568926
106879	21368	11	alternative	2025-01-12 16:39:00.568926	2025-01-12 16:39:00.568926
106880	21368	4	alternative	2025-01-12 16:39:00.568926	2025-01-12 16:39:00.568926
106881	21369	4	mandatory	2025-01-12 16:39:00.573883	2025-01-12 16:39:00.573883
106882	21369	8	mandatory	2025-01-12 16:39:00.573883	2025-01-12 16:39:00.573883
106883	21369	3	mandatory	2025-01-12 16:39:00.573883	2025-01-12 16:39:00.573883
106884	21369	11	alternative	2025-01-12 16:39:00.573883	2025-01-12 16:39:00.573883
106885	21369	2	alternative	2025-01-12 16:39:00.573883	2025-01-12 16:39:00.573883
106886	21370	1	mandatory	2025-01-12 16:39:00.578339	2025-01-12 16:39:00.578339
106887	21370	2	mandatory	2025-01-12 16:39:00.578339	2025-01-12 16:39:00.578339
106888	21370	8	mandatory	2025-01-12 16:39:00.578339	2025-01-12 16:39:00.578339
106889	21370	3	alternative	2025-01-12 16:39:00.578339	2025-01-12 16:39:00.578339
106890	21370	4	alternative	2025-01-12 16:39:00.578339	2025-01-12 16:39:00.578339
106891	21371	11	mandatory	2025-01-12 16:39:00.582671	2025-01-12 16:39:00.582671
106892	21371	5	mandatory	2025-01-12 16:39:00.582671	2025-01-12 16:39:00.582671
106893	21371	3	mandatory	2025-01-12 16:39:00.582671	2025-01-12 16:39:00.582671
106894	21371	2	alternative	2025-01-12 16:39:00.582671	2025-01-12 16:39:00.582671
106895	21371	8	alternative	2025-01-12 16:39:00.582671	2025-01-12 16:39:00.582671
106896	21372	4	mandatory	2025-01-12 16:39:00.587251	2025-01-12 16:39:00.587251
106897	21372	7	mandatory	2025-01-12 16:39:00.587251	2025-01-12 16:39:00.587251
106898	21372	1	mandatory	2025-01-12 16:39:00.587251	2025-01-12 16:39:00.587251
106899	21372	5	alternative	2025-01-12 16:39:00.587251	2025-01-12 16:39:00.587251
106900	21372	8	alternative	2025-01-12 16:39:00.587251	2025-01-12 16:39:00.587251
106901	21373	1	mandatory	2025-01-12 16:39:00.592335	2025-01-12 16:39:00.592335
106902	21373	3	mandatory	2025-01-12 16:39:00.592335	2025-01-12 16:39:00.592335
106903	21373	11	mandatory	2025-01-12 16:39:00.592335	2025-01-12 16:39:00.592335
106904	21373	4	alternative	2025-01-12 16:39:00.592335	2025-01-12 16:39:00.592335
106905	21373	2	alternative	2025-01-12 16:39:00.592335	2025-01-12 16:39:00.592335
106906	21374	5	mandatory	2025-01-12 16:39:00.596928	2025-01-12 16:39:00.596928
106907	21374	8	mandatory	2025-01-12 16:39:00.596928	2025-01-12 16:39:00.596928
106908	21374	11	mandatory	2025-01-12 16:39:00.596928	2025-01-12 16:39:00.596928
106909	21374	1	alternative	2025-01-12 16:39:00.596928	2025-01-12 16:39:00.596928
106910	21374	6	alternative	2025-01-12 16:39:00.596928	2025-01-12 16:39:00.596928
106911	21375	4	mandatory	2025-01-12 16:39:00.601378	2025-01-12 16:39:00.601378
106912	21375	8	mandatory	2025-01-12 16:39:00.601378	2025-01-12 16:39:00.601378
106913	21375	11	mandatory	2025-01-12 16:39:00.601378	2025-01-12 16:39:00.601378
106914	21375	5	alternative	2025-01-12 16:39:00.601378	2025-01-12 16:39:00.601378
106915	21375	6	alternative	2025-01-12 16:39:00.601378	2025-01-12 16:39:00.601378
106916	21376	11	mandatory	2025-01-12 16:39:00.606189	2025-01-12 16:39:00.606189
106917	21376	1	mandatory	2025-01-12 16:39:00.606189	2025-01-12 16:39:00.606189
106918	21376	6	mandatory	2025-01-12 16:39:00.606189	2025-01-12 16:39:00.606189
106919	21376	2	alternative	2025-01-12 16:39:00.606189	2025-01-12 16:39:00.606189
106920	21376	3	alternative	2025-01-12 16:39:00.606189	2025-01-12 16:39:00.606189
106921	21377	5	mandatory	2025-01-12 16:39:00.610789	2025-01-12 16:39:00.610789
106922	21377	8	mandatory	2025-01-12 16:39:00.610789	2025-01-12 16:39:00.610789
106923	21377	4	mandatory	2025-01-12 16:39:00.610789	2025-01-12 16:39:00.610789
106924	21377	3	alternative	2025-01-12 16:39:00.610789	2025-01-12 16:39:00.610789
106925	21377	2	alternative	2025-01-12 16:39:00.610789	2025-01-12 16:39:00.610789
106926	21378	3	mandatory	2025-01-12 16:39:00.615502	2025-01-12 16:39:00.615502
106927	21378	4	mandatory	2025-01-12 16:39:00.615502	2025-01-12 16:39:00.615502
106928	21378	5	mandatory	2025-01-12 16:39:00.615502	2025-01-12 16:39:00.615502
106929	21378	8	alternative	2025-01-12 16:39:00.615502	2025-01-12 16:39:00.615502
106930	21378	11	alternative	2025-01-12 16:39:00.615502	2025-01-12 16:39:00.615502
106931	21379	7	mandatory	2025-01-12 16:39:00.61983	2025-01-12 16:39:00.61983
106932	21379	1	mandatory	2025-01-12 16:39:00.61983	2025-01-12 16:39:00.61983
106933	21379	8	mandatory	2025-01-12 16:39:00.61983	2025-01-12 16:39:00.61983
106934	21379	4	alternative	2025-01-12 16:39:00.61983	2025-01-12 16:39:00.61983
106935	21379	11	alternative	2025-01-12 16:39:00.61983	2025-01-12 16:39:00.61983
106936	21380	4	mandatory	2025-01-12 16:39:00.625118	2025-01-12 16:39:00.625118
106937	21380	6	mandatory	2025-01-12 16:39:00.625118	2025-01-12 16:39:00.625118
106938	21380	3	mandatory	2025-01-12 16:39:00.625118	2025-01-12 16:39:00.625118
106939	21380	2	alternative	2025-01-12 16:39:00.625118	2025-01-12 16:39:00.625118
106940	21380	8	alternative	2025-01-12 16:39:00.625118	2025-01-12 16:39:00.625118
106941	21381	8	mandatory	2025-01-12 16:39:00.629688	2025-01-12 16:39:00.629688
106942	21381	1	mandatory	2025-01-12 16:39:00.629688	2025-01-12 16:39:00.629688
106943	21381	5	mandatory	2025-01-12 16:39:00.629688	2025-01-12 16:39:00.629688
106944	21381	6	alternative	2025-01-12 16:39:00.629688	2025-01-12 16:39:00.629688
106945	21381	4	alternative	2025-01-12 16:39:00.629688	2025-01-12 16:39:00.629688
106946	21382	8	mandatory	2025-01-12 16:39:00.63413	2025-01-12 16:39:00.63413
106947	21382	1	mandatory	2025-01-12 16:39:00.63413	2025-01-12 16:39:00.63413
106948	21382	6	mandatory	2025-01-12 16:39:00.63413	2025-01-12 16:39:00.63413
106949	21382	2	alternative	2025-01-12 16:39:00.63413	2025-01-12 16:39:00.63413
106950	21382	3	alternative	2025-01-12 16:39:00.63413	2025-01-12 16:39:00.63413
106951	21383	3	mandatory	2025-01-12 16:39:00.638792	2025-01-12 16:39:00.638792
106952	21383	11	mandatory	2025-01-12 16:39:00.638792	2025-01-12 16:39:00.638792
106953	21383	2	mandatory	2025-01-12 16:39:00.638792	2025-01-12 16:39:00.638792
106954	21383	5	alternative	2025-01-12 16:39:00.638792	2025-01-12 16:39:00.638792
106955	21383	8	alternative	2025-01-12 16:39:00.638792	2025-01-12 16:39:00.638792
106956	21384	5	mandatory	2025-01-12 16:39:00.643531	2025-01-12 16:39:00.643531
106957	21384	11	mandatory	2025-01-12 16:39:00.643531	2025-01-12 16:39:00.643531
106958	21384	4	mandatory	2025-01-12 16:39:00.643531	2025-01-12 16:39:00.643531
106959	21384	3	alternative	2025-01-12 16:39:00.643531	2025-01-12 16:39:00.643531
106960	21384	6	alternative	2025-01-12 16:39:00.643531	2025-01-12 16:39:00.643531
106961	21385	3	mandatory	2025-01-12 16:39:00.64821	2025-01-12 16:39:00.64821
106962	21385	4	mandatory	2025-01-12 16:39:00.64821	2025-01-12 16:39:00.64821
106963	21385	8	mandatory	2025-01-12 16:39:00.64821	2025-01-12 16:39:00.64821
106964	21385	1	alternative	2025-01-12 16:39:00.64821	2025-01-12 16:39:00.64821
106965	21385	5	alternative	2025-01-12 16:39:00.64821	2025-01-12 16:39:00.64821
106966	21386	1	mandatory	2025-01-12 16:39:00.652692	2025-01-12 16:39:00.652692
106967	21386	2	mandatory	2025-01-12 16:39:00.652692	2025-01-12 16:39:00.652692
106968	21386	6	mandatory	2025-01-12 16:39:00.652692	2025-01-12 16:39:00.652692
106969	21386	4	alternative	2025-01-12 16:39:00.652692	2025-01-12 16:39:00.652692
106970	21386	7	alternative	2025-01-12 16:39:00.652692	2025-01-12 16:39:00.652692
106971	21387	7	mandatory	2025-01-12 16:39:00.657377	2025-01-12 16:39:00.657377
106972	21387	2	mandatory	2025-01-12 16:39:00.657377	2025-01-12 16:39:00.657377
106973	21387	11	mandatory	2025-01-12 16:39:00.657377	2025-01-12 16:39:00.657377
106974	21387	1	alternative	2025-01-12 16:39:00.657377	2025-01-12 16:39:00.657377
106975	21387	3	alternative	2025-01-12 16:39:00.657377	2025-01-12 16:39:00.657377
103976	20788	8	mandatory	2025-01-12 16:36:15.996773	2025-01-12 16:36:15.996773
103977	20788	3	mandatory	2025-01-12 16:36:15.996773	2025-01-12 16:36:15.996773
103978	20788	5	mandatory	2025-01-12 16:36:15.996773	2025-01-12 16:36:15.996773
103979	20788	2	alternative	2025-01-12 16:36:15.996773	2025-01-12 16:36:15.996773
103980	20788	1	alternative	2025-01-12 16:36:15.996773	2025-01-12 16:36:15.996773
103981	20789	3	mandatory	2025-01-12 16:36:16.0034	2025-01-12 16:36:16.0034
103982	20789	6	mandatory	2025-01-12 16:36:16.0034	2025-01-12 16:36:16.0034
103983	20789	7	mandatory	2025-01-12 16:36:16.0034	2025-01-12 16:36:16.0034
103984	20789	8	alternative	2025-01-12 16:36:16.0034	2025-01-12 16:36:16.0034
103985	20789	2	alternative	2025-01-12 16:36:16.0034	2025-01-12 16:36:16.0034
103986	20790	3	mandatory	2025-01-12 16:36:16.008462	2025-01-12 16:36:16.008462
103987	20790	7	mandatory	2025-01-12 16:36:16.008462	2025-01-12 16:36:16.008462
103988	20790	11	mandatory	2025-01-12 16:36:16.008462	2025-01-12 16:36:16.008462
103989	20790	1	alternative	2025-01-12 16:36:16.008462	2025-01-12 16:36:16.008462
103990	20790	4	alternative	2025-01-12 16:36:16.008462	2025-01-12 16:36:16.008462
103991	20791	4	mandatory	2025-01-12 16:36:16.014564	2025-01-12 16:36:16.014564
103992	20791	7	mandatory	2025-01-12 16:36:16.014564	2025-01-12 16:36:16.014564
103993	20791	3	mandatory	2025-01-12 16:36:16.014564	2025-01-12 16:36:16.014564
103994	20791	2	alternative	2025-01-12 16:36:16.014564	2025-01-12 16:36:16.014564
103995	20791	11	alternative	2025-01-12 16:36:16.014564	2025-01-12 16:36:16.014564
103996	20792	3	mandatory	2025-01-12 16:36:16.021395	2025-01-12 16:36:16.021395
103997	20792	7	mandatory	2025-01-12 16:36:16.021395	2025-01-12 16:36:16.021395
103998	20792	6	mandatory	2025-01-12 16:36:16.021395	2025-01-12 16:36:16.021395
103999	20792	8	alternative	2025-01-12 16:36:16.021395	2025-01-12 16:36:16.021395
104000	20792	4	alternative	2025-01-12 16:36:16.021395	2025-01-12 16:36:16.021395
104001	20793	7	mandatory	2025-01-12 16:36:16.027566	2025-01-12 16:36:16.027566
104002	20793	2	mandatory	2025-01-12 16:36:16.027566	2025-01-12 16:36:16.027566
104003	20793	4	mandatory	2025-01-12 16:36:16.027566	2025-01-12 16:36:16.027566
104004	20793	3	alternative	2025-01-12 16:36:16.027566	2025-01-12 16:36:16.027566
104005	20793	5	alternative	2025-01-12 16:36:16.027566	2025-01-12 16:36:16.027566
104006	20794	1	mandatory	2025-01-12 16:36:16.034808	2025-01-12 16:36:16.034808
104007	20794	2	mandatory	2025-01-12 16:36:16.034808	2025-01-12 16:36:16.034808
104008	20794	7	mandatory	2025-01-12 16:36:16.034808	2025-01-12 16:36:16.034808
104009	20794	8	alternative	2025-01-12 16:36:16.034808	2025-01-12 16:36:16.034808
104010	20794	11	alternative	2025-01-12 16:36:16.034808	2025-01-12 16:36:16.034808
104011	20795	6	mandatory	2025-01-12 16:36:16.041689	2025-01-12 16:36:16.041689
104012	20795	7	mandatory	2025-01-12 16:36:16.041689	2025-01-12 16:36:16.041689
104013	20795	3	mandatory	2025-01-12 16:36:16.041689	2025-01-12 16:36:16.041689
104014	20795	1	alternative	2025-01-12 16:36:16.041689	2025-01-12 16:36:16.041689
104015	20795	5	alternative	2025-01-12 16:36:16.041689	2025-01-12 16:36:16.041689
104016	20796	6	mandatory	2025-01-12 16:36:16.04778	2025-01-12 16:36:16.04778
104017	20796	11	mandatory	2025-01-12 16:36:16.04778	2025-01-12 16:36:16.04778
104018	20796	1	mandatory	2025-01-12 16:36:16.04778	2025-01-12 16:36:16.04778
104019	20796	2	alternative	2025-01-12 16:36:16.04778	2025-01-12 16:36:16.04778
104020	20796	7	alternative	2025-01-12 16:36:16.04778	2025-01-12 16:36:16.04778
104021	20797	3	mandatory	2025-01-12 16:36:16.053484	2025-01-12 16:36:16.053484
104022	20797	8	mandatory	2025-01-12 16:36:16.053484	2025-01-12 16:36:16.053484
104023	20797	11	mandatory	2025-01-12 16:36:16.053484	2025-01-12 16:36:16.053484
104024	20797	1	alternative	2025-01-12 16:36:16.053484	2025-01-12 16:36:16.053484
104025	20797	7	alternative	2025-01-12 16:36:16.053484	2025-01-12 16:36:16.053484
104026	20798	7	mandatory	2025-01-12 16:36:16.059124	2025-01-12 16:36:16.059124
104027	20798	6	mandatory	2025-01-12 16:36:16.059124	2025-01-12 16:36:16.059124
104028	20798	8	mandatory	2025-01-12 16:36:16.059124	2025-01-12 16:36:16.059124
104029	20798	5	alternative	2025-01-12 16:36:16.059124	2025-01-12 16:36:16.059124
104030	20798	4	alternative	2025-01-12 16:36:16.059124	2025-01-12 16:36:16.059124
104031	20799	7	mandatory	2025-01-12 16:36:16.066284	2025-01-12 16:36:16.066284
104032	20799	1	mandatory	2025-01-12 16:36:16.066284	2025-01-12 16:36:16.066284
104033	20799	2	mandatory	2025-01-12 16:36:16.066284	2025-01-12 16:36:16.066284
104034	20799	8	alternative	2025-01-12 16:36:16.066284	2025-01-12 16:36:16.066284
104035	20799	3	alternative	2025-01-12 16:36:16.066284	2025-01-12 16:36:16.066284
104036	20800	11	mandatory	2025-01-12 16:36:16.072708	2025-01-12 16:36:16.072708
104037	20800	6	mandatory	2025-01-12 16:36:16.072708	2025-01-12 16:36:16.072708
104038	20800	2	mandatory	2025-01-12 16:36:16.072708	2025-01-12 16:36:16.072708
104039	20800	1	alternative	2025-01-12 16:36:16.072708	2025-01-12 16:36:16.072708
104040	20800	7	alternative	2025-01-12 16:36:16.072708	2025-01-12 16:36:16.072708
104041	20801	5	mandatory	2025-01-12 16:36:16.079113	2025-01-12 16:36:16.079113
104042	20801	8	mandatory	2025-01-12 16:36:16.079113	2025-01-12 16:36:16.079113
104043	20801	7	mandatory	2025-01-12 16:36:16.079113	2025-01-12 16:36:16.079113
104044	20801	2	alternative	2025-01-12 16:36:16.079113	2025-01-12 16:36:16.079113
104045	20801	4	alternative	2025-01-12 16:36:16.079113	2025-01-12 16:36:16.079113
104046	20802	7	mandatory	2025-01-12 16:36:16.08589	2025-01-12 16:36:16.08589
104047	20802	11	mandatory	2025-01-12 16:36:16.08589	2025-01-12 16:36:16.08589
104048	20802	5	mandatory	2025-01-12 16:36:16.08589	2025-01-12 16:36:16.08589
104049	20802	3	alternative	2025-01-12 16:36:16.08589	2025-01-12 16:36:16.08589
104050	20802	2	alternative	2025-01-12 16:36:16.08589	2025-01-12 16:36:16.08589
104051	20803	6	mandatory	2025-01-12 16:36:16.092734	2025-01-12 16:36:16.092734
104052	20803	3	mandatory	2025-01-12 16:36:16.092734	2025-01-12 16:36:16.092734
104053	20803	2	mandatory	2025-01-12 16:36:16.092734	2025-01-12 16:36:16.092734
104054	20803	7	alternative	2025-01-12 16:36:16.092734	2025-01-12 16:36:16.092734
104055	20803	4	alternative	2025-01-12 16:36:16.092734	2025-01-12 16:36:16.092734
104056	20804	4	mandatory	2025-01-12 16:36:16.099464	2025-01-12 16:36:16.099464
104057	20804	2	mandatory	2025-01-12 16:36:16.099464	2025-01-12 16:36:16.099464
104058	20804	1	mandatory	2025-01-12 16:36:16.099464	2025-01-12 16:36:16.099464
104059	20804	6	alternative	2025-01-12 16:36:16.099464	2025-01-12 16:36:16.099464
104060	20804	8	alternative	2025-01-12 16:36:16.099464	2025-01-12 16:36:16.099464
104061	20805	2	mandatory	2025-01-12 16:36:16.105873	2025-01-12 16:36:16.105873
104062	20805	7	mandatory	2025-01-12 16:36:16.105873	2025-01-12 16:36:16.105873
104063	20805	8	mandatory	2025-01-12 16:36:16.105873	2025-01-12 16:36:16.105873
104064	20805	11	alternative	2025-01-12 16:36:16.105873	2025-01-12 16:36:16.105873
104065	20805	1	alternative	2025-01-12 16:36:16.105873	2025-01-12 16:36:16.105873
104066	20806	6	mandatory	2025-01-12 16:36:16.111904	2025-01-12 16:36:16.111904
104067	20806	5	mandatory	2025-01-12 16:36:16.111904	2025-01-12 16:36:16.111904
104068	20806	4	mandatory	2025-01-12 16:36:16.111904	2025-01-12 16:36:16.111904
104069	20806	3	alternative	2025-01-12 16:36:16.111904	2025-01-12 16:36:16.111904
104070	20806	11	alternative	2025-01-12 16:36:16.111904	2025-01-12 16:36:16.111904
104071	20807	3	mandatory	2025-01-12 16:36:16.117911	2025-01-12 16:36:16.117911
104072	20807	7	mandatory	2025-01-12 16:36:16.117911	2025-01-12 16:36:16.117911
104073	20807	5	mandatory	2025-01-12 16:36:16.117911	2025-01-12 16:36:16.117911
104074	20807	6	alternative	2025-01-12 16:36:16.117911	2025-01-12 16:36:16.117911
104075	20807	8	alternative	2025-01-12 16:36:16.117911	2025-01-12 16:36:16.117911
104076	20808	3	mandatory	2025-01-12 16:36:16.124243	2025-01-12 16:36:16.124243
104077	20808	5	mandatory	2025-01-12 16:36:16.124243	2025-01-12 16:36:16.124243
104078	20808	2	mandatory	2025-01-12 16:36:16.124243	2025-01-12 16:36:16.124243
104079	20808	8	alternative	2025-01-12 16:36:16.124243	2025-01-12 16:36:16.124243
104080	20808	7	alternative	2025-01-12 16:36:16.124243	2025-01-12 16:36:16.124243
104081	20809	11	mandatory	2025-01-12 16:36:16.130213	2025-01-12 16:36:16.130213
104082	20809	4	mandatory	2025-01-12 16:36:16.130213	2025-01-12 16:36:16.130213
104083	20809	6	mandatory	2025-01-12 16:36:16.130213	2025-01-12 16:36:16.130213
104084	20809	1	alternative	2025-01-12 16:36:16.130213	2025-01-12 16:36:16.130213
104085	20809	8	alternative	2025-01-12 16:36:16.130213	2025-01-12 16:36:16.130213
104086	20810	3	mandatory	2025-01-12 16:36:16.135658	2025-01-12 16:36:16.135658
104087	20810	6	mandatory	2025-01-12 16:36:16.135658	2025-01-12 16:36:16.135658
104088	20810	4	mandatory	2025-01-12 16:36:16.135658	2025-01-12 16:36:16.135658
104089	20810	7	alternative	2025-01-12 16:36:16.135658	2025-01-12 16:36:16.135658
104090	20810	11	alternative	2025-01-12 16:36:16.135658	2025-01-12 16:36:16.135658
104091	20811	4	mandatory	2025-01-12 16:36:16.140936	2025-01-12 16:36:16.140936
104092	20811	1	mandatory	2025-01-12 16:36:16.140936	2025-01-12 16:36:16.140936
104093	20811	6	mandatory	2025-01-12 16:36:16.140936	2025-01-12 16:36:16.140936
104094	20811	8	alternative	2025-01-12 16:36:16.140936	2025-01-12 16:36:16.140936
104095	20811	5	alternative	2025-01-12 16:36:16.140936	2025-01-12 16:36:16.140936
104096	20812	4	mandatory	2025-01-12 16:36:16.147204	2025-01-12 16:36:16.147204
104097	20812	1	mandatory	2025-01-12 16:36:16.147204	2025-01-12 16:36:16.147204
104098	20812	8	mandatory	2025-01-12 16:36:16.147204	2025-01-12 16:36:16.147204
104099	20812	5	alternative	2025-01-12 16:36:16.147204	2025-01-12 16:36:16.147204
104100	20812	2	alternative	2025-01-12 16:36:16.147204	2025-01-12 16:36:16.147204
104101	20813	7	mandatory	2025-01-12 16:36:16.15297	2025-01-12 16:36:16.15297
104102	20813	3	mandatory	2025-01-12 16:36:16.15297	2025-01-12 16:36:16.15297
104103	20813	5	mandatory	2025-01-12 16:36:16.15297	2025-01-12 16:36:16.15297
104104	20813	6	alternative	2025-01-12 16:36:16.15297	2025-01-12 16:36:16.15297
104105	20813	4	alternative	2025-01-12 16:36:16.15297	2025-01-12 16:36:16.15297
104106	20814	8	mandatory	2025-01-12 16:36:16.160516	2025-01-12 16:36:16.160516
104107	20814	3	mandatory	2025-01-12 16:36:16.160516	2025-01-12 16:36:16.160516
104108	20814	2	mandatory	2025-01-12 16:36:16.160516	2025-01-12 16:36:16.160516
104109	20814	5	alternative	2025-01-12 16:36:16.160516	2025-01-12 16:36:16.160516
104110	20814	4	alternative	2025-01-12 16:36:16.160516	2025-01-12 16:36:16.160516
104111	20815	2	mandatory	2025-01-12 16:36:16.167248	2025-01-12 16:36:16.167248
104112	20815	8	mandatory	2025-01-12 16:36:16.167248	2025-01-12 16:36:16.167248
104113	20815	11	mandatory	2025-01-12 16:36:16.167248	2025-01-12 16:36:16.167248
104114	20815	6	alternative	2025-01-12 16:36:16.167248	2025-01-12 16:36:16.167248
104115	20815	1	alternative	2025-01-12 16:36:16.167248	2025-01-12 16:36:16.167248
104116	20816	8	mandatory	2025-01-12 16:36:16.173054	2025-01-12 16:36:16.173054
104117	20816	5	mandatory	2025-01-12 16:36:16.173054	2025-01-12 16:36:16.173054
104118	20816	7	mandatory	2025-01-12 16:36:16.173054	2025-01-12 16:36:16.173054
104119	20816	4	alternative	2025-01-12 16:36:16.173054	2025-01-12 16:36:16.173054
104120	20816	6	alternative	2025-01-12 16:36:16.173054	2025-01-12 16:36:16.173054
104121	20817	4	mandatory	2025-01-12 16:36:16.179028	2025-01-12 16:36:16.179028
104122	20817	6	mandatory	2025-01-12 16:36:16.179028	2025-01-12 16:36:16.179028
104123	20817	3	mandatory	2025-01-12 16:36:16.179028	2025-01-12 16:36:16.179028
104124	20817	2	alternative	2025-01-12 16:36:16.179028	2025-01-12 16:36:16.179028
104125	20817	11	alternative	2025-01-12 16:36:16.179028	2025-01-12 16:36:16.179028
104126	20818	5	mandatory	2025-01-12 16:36:16.184565	2025-01-12 16:36:16.184565
104127	20818	8	mandatory	2025-01-12 16:36:16.184565	2025-01-12 16:36:16.184565
104128	20818	3	mandatory	2025-01-12 16:36:16.184565	2025-01-12 16:36:16.184565
104129	20818	1	alternative	2025-01-12 16:36:16.184565	2025-01-12 16:36:16.184565
104130	20818	4	alternative	2025-01-12 16:36:16.184565	2025-01-12 16:36:16.184565
104131	20819	1	mandatory	2025-01-12 16:36:16.190616	2025-01-12 16:36:16.190616
104132	20819	11	mandatory	2025-01-12 16:36:16.190616	2025-01-12 16:36:16.190616
104133	20819	5	mandatory	2025-01-12 16:36:16.190616	2025-01-12 16:36:16.190616
104134	20819	6	alternative	2025-01-12 16:36:16.190616	2025-01-12 16:36:16.190616
104135	20819	8	alternative	2025-01-12 16:36:16.190616	2025-01-12 16:36:16.190616
104136	20820	5	mandatory	2025-01-12 16:36:16.196345	2025-01-12 16:36:16.196345
104137	20820	7	mandatory	2025-01-12 16:36:16.196345	2025-01-12 16:36:16.196345
104138	20820	4	mandatory	2025-01-12 16:36:16.196345	2025-01-12 16:36:16.196345
104139	20820	2	alternative	2025-01-12 16:36:16.196345	2025-01-12 16:36:16.196345
104140	20820	6	alternative	2025-01-12 16:36:16.196345	2025-01-12 16:36:16.196345
104141	20821	4	mandatory	2025-01-12 16:36:16.201621	2025-01-12 16:36:16.201621
104142	20821	7	mandatory	2025-01-12 16:36:16.201621	2025-01-12 16:36:16.201621
104143	20821	6	mandatory	2025-01-12 16:36:16.201621	2025-01-12 16:36:16.201621
104144	20821	11	alternative	2025-01-12 16:36:16.201621	2025-01-12 16:36:16.201621
104145	20821	3	alternative	2025-01-12 16:36:16.201621	2025-01-12 16:36:16.201621
104146	20822	7	mandatory	2025-01-12 16:36:16.208228	2025-01-12 16:36:16.208228
104147	20822	4	mandatory	2025-01-12 16:36:16.208228	2025-01-12 16:36:16.208228
104148	20822	8	mandatory	2025-01-12 16:36:16.208228	2025-01-12 16:36:16.208228
104149	20822	11	alternative	2025-01-12 16:36:16.208228	2025-01-12 16:36:16.208228
104150	20822	3	alternative	2025-01-12 16:36:16.208228	2025-01-12 16:36:16.208228
104151	20823	7	mandatory	2025-01-12 16:36:16.214128	2025-01-12 16:36:16.214128
104152	20823	3	mandatory	2025-01-12 16:36:16.214128	2025-01-12 16:36:16.214128
104153	20823	4	mandatory	2025-01-12 16:36:16.214128	2025-01-12 16:36:16.214128
104154	20823	6	alternative	2025-01-12 16:36:16.214128	2025-01-12 16:36:16.214128
104155	20823	2	alternative	2025-01-12 16:36:16.214128	2025-01-12 16:36:16.214128
104156	20824	1	mandatory	2025-01-12 16:36:16.219491	2025-01-12 16:36:16.219491
104157	20824	2	mandatory	2025-01-12 16:36:16.219491	2025-01-12 16:36:16.219491
104158	20824	3	mandatory	2025-01-12 16:36:16.219491	2025-01-12 16:36:16.219491
104159	20824	11	alternative	2025-01-12 16:36:16.219491	2025-01-12 16:36:16.219491
104160	20824	4	alternative	2025-01-12 16:36:16.219491	2025-01-12 16:36:16.219491
104161	20825	11	mandatory	2025-01-12 16:36:16.225419	2025-01-12 16:36:16.225419
104162	20825	1	mandatory	2025-01-12 16:36:16.225419	2025-01-12 16:36:16.225419
104163	20825	2	mandatory	2025-01-12 16:36:16.225419	2025-01-12 16:36:16.225419
104164	20825	3	alternative	2025-01-12 16:36:16.225419	2025-01-12 16:36:16.225419
104165	20825	5	alternative	2025-01-12 16:36:16.225419	2025-01-12 16:36:16.225419
104166	20826	8	mandatory	2025-01-12 16:36:16.231135	2025-01-12 16:36:16.231135
104167	20826	7	mandatory	2025-01-12 16:36:16.231135	2025-01-12 16:36:16.231135
104168	20826	1	mandatory	2025-01-12 16:36:16.231135	2025-01-12 16:36:16.231135
104169	20826	2	alternative	2025-01-12 16:36:16.231135	2025-01-12 16:36:16.231135
104170	20826	5	alternative	2025-01-12 16:36:16.231135	2025-01-12 16:36:16.231135
104171	20827	7	mandatory	2025-01-12 16:36:16.237807	2025-01-12 16:36:16.237807
104172	20827	3	mandatory	2025-01-12 16:36:16.237807	2025-01-12 16:36:16.237807
104173	20827	11	mandatory	2025-01-12 16:36:16.237807	2025-01-12 16:36:16.237807
104174	20827	4	alternative	2025-01-12 16:36:16.237807	2025-01-12 16:36:16.237807
104175	20827	1	alternative	2025-01-12 16:36:16.237807	2025-01-12 16:36:16.237807
104176	20828	8	mandatory	2025-01-12 16:36:16.244386	2025-01-12 16:36:16.244386
104177	20828	1	mandatory	2025-01-12 16:36:16.244386	2025-01-12 16:36:16.244386
104178	20828	2	mandatory	2025-01-12 16:36:16.244386	2025-01-12 16:36:16.244386
104179	20828	6	alternative	2025-01-12 16:36:16.244386	2025-01-12 16:36:16.244386
104180	20828	11	alternative	2025-01-12 16:36:16.244386	2025-01-12 16:36:16.244386
104181	20829	6	mandatory	2025-01-12 16:36:16.251388	2025-01-12 16:36:16.251388
104182	20829	4	mandatory	2025-01-12 16:36:16.251388	2025-01-12 16:36:16.251388
104183	20829	7	mandatory	2025-01-12 16:36:16.251388	2025-01-12 16:36:16.251388
104184	20829	8	alternative	2025-01-12 16:36:16.251388	2025-01-12 16:36:16.251388
104185	20829	3	alternative	2025-01-12 16:36:16.251388	2025-01-12 16:36:16.251388
104186	20830	3	mandatory	2025-01-12 16:36:16.258349	2025-01-12 16:36:16.258349
104187	20830	8	mandatory	2025-01-12 16:36:16.258349	2025-01-12 16:36:16.258349
104188	20830	7	mandatory	2025-01-12 16:36:16.258349	2025-01-12 16:36:16.258349
104189	20830	4	alternative	2025-01-12 16:36:16.258349	2025-01-12 16:36:16.258349
104190	20830	11	alternative	2025-01-12 16:36:16.258349	2025-01-12 16:36:16.258349
104191	20831	4	mandatory	2025-01-12 16:36:16.264392	2025-01-12 16:36:16.264392
104192	20831	1	mandatory	2025-01-12 16:36:16.264392	2025-01-12 16:36:16.264392
104193	20831	11	mandatory	2025-01-12 16:36:16.264392	2025-01-12 16:36:16.264392
104194	20831	5	alternative	2025-01-12 16:36:16.264392	2025-01-12 16:36:16.264392
104195	20831	2	alternative	2025-01-12 16:36:16.264392	2025-01-12 16:36:16.264392
104196	20832	4	mandatory	2025-01-12 16:36:16.27095	2025-01-12 16:36:16.27095
104197	20832	7	mandatory	2025-01-12 16:36:16.27095	2025-01-12 16:36:16.27095
104198	20832	1	mandatory	2025-01-12 16:36:16.27095	2025-01-12 16:36:16.27095
104199	20832	5	alternative	2025-01-12 16:36:16.27095	2025-01-12 16:36:16.27095
104200	20832	11	alternative	2025-01-12 16:36:16.27095	2025-01-12 16:36:16.27095
104201	20833	3	mandatory	2025-01-12 16:36:16.278187	2025-01-12 16:36:16.278187
104202	20833	7	mandatory	2025-01-12 16:36:16.278187	2025-01-12 16:36:16.278187
104203	20833	11	mandatory	2025-01-12 16:36:16.278187	2025-01-12 16:36:16.278187
104204	20833	5	alternative	2025-01-12 16:36:16.278187	2025-01-12 16:36:16.278187
104205	20833	2	alternative	2025-01-12 16:36:16.278187	2025-01-12 16:36:16.278187
104206	20834	2	mandatory	2025-01-12 16:36:16.285839	2025-01-12 16:36:16.285839
104207	20834	8	mandatory	2025-01-12 16:36:16.285839	2025-01-12 16:36:16.285839
104208	20834	3	mandatory	2025-01-12 16:36:16.285839	2025-01-12 16:36:16.285839
104209	20834	6	alternative	2025-01-12 16:36:16.285839	2025-01-12 16:36:16.285839
104210	20834	5	alternative	2025-01-12 16:36:16.285839	2025-01-12 16:36:16.285839
104211	20835	4	mandatory	2025-01-12 16:36:16.29205	2025-01-12 16:36:16.29205
104212	20835	5	mandatory	2025-01-12 16:36:16.29205	2025-01-12 16:36:16.29205
104213	20835	7	mandatory	2025-01-12 16:36:16.29205	2025-01-12 16:36:16.29205
104214	20835	3	alternative	2025-01-12 16:36:16.29205	2025-01-12 16:36:16.29205
104215	20835	2	alternative	2025-01-12 16:36:16.29205	2025-01-12 16:36:16.29205
104216	20836	8	mandatory	2025-01-12 16:36:16.297878	2025-01-12 16:36:16.297878
104217	20836	7	mandatory	2025-01-12 16:36:16.297878	2025-01-12 16:36:16.297878
104218	20836	6	mandatory	2025-01-12 16:36:16.297878	2025-01-12 16:36:16.297878
104219	20836	1	alternative	2025-01-12 16:36:16.297878	2025-01-12 16:36:16.297878
104220	20836	2	alternative	2025-01-12 16:36:16.297878	2025-01-12 16:36:16.297878
104221	20837	2	mandatory	2025-01-12 16:36:16.303236	2025-01-12 16:36:16.303236
104222	20837	11	mandatory	2025-01-12 16:36:16.303236	2025-01-12 16:36:16.303236
104223	20837	1	mandatory	2025-01-12 16:36:16.303236	2025-01-12 16:36:16.303236
104224	20837	4	alternative	2025-01-12 16:36:16.303236	2025-01-12 16:36:16.303236
104225	20837	5	alternative	2025-01-12 16:36:16.303236	2025-01-12 16:36:16.303236
104226	20838	4	mandatory	2025-01-12 16:36:16.308245	2025-01-12 16:36:16.308245
104227	20838	7	mandatory	2025-01-12 16:36:16.308245	2025-01-12 16:36:16.308245
104228	20838	3	mandatory	2025-01-12 16:36:16.308245	2025-01-12 16:36:16.308245
104229	20838	2	alternative	2025-01-12 16:36:16.308245	2025-01-12 16:36:16.308245
104230	20838	8	alternative	2025-01-12 16:36:16.308245	2025-01-12 16:36:16.308245
104231	20839	8	mandatory	2025-01-12 16:36:16.314017	2025-01-12 16:36:16.314017
104232	20839	1	mandatory	2025-01-12 16:36:16.314017	2025-01-12 16:36:16.314017
104233	20839	2	mandatory	2025-01-12 16:36:16.314017	2025-01-12 16:36:16.314017
104234	20839	3	alternative	2025-01-12 16:36:16.314017	2025-01-12 16:36:16.314017
104235	20839	5	alternative	2025-01-12 16:36:16.314017	2025-01-12 16:36:16.314017
104236	20840	11	mandatory	2025-01-12 16:36:16.31933	2025-01-12 16:36:16.31933
104237	20840	7	mandatory	2025-01-12 16:36:16.31933	2025-01-12 16:36:16.31933
104238	20840	5	mandatory	2025-01-12 16:36:16.31933	2025-01-12 16:36:16.31933
104239	20840	1	alternative	2025-01-12 16:36:16.31933	2025-01-12 16:36:16.31933
104240	20840	6	alternative	2025-01-12 16:36:16.31933	2025-01-12 16:36:16.31933
104241	20841	11	mandatory	2025-01-12 16:36:16.326134	2025-01-12 16:36:16.326134
104242	20841	7	mandatory	2025-01-12 16:36:16.326134	2025-01-12 16:36:16.326134
104243	20841	4	mandatory	2025-01-12 16:36:16.326134	2025-01-12 16:36:16.326134
104244	20841	3	alternative	2025-01-12 16:36:16.326134	2025-01-12 16:36:16.326134
104245	20841	2	alternative	2025-01-12 16:36:16.326134	2025-01-12 16:36:16.326134
104246	20842	8	mandatory	2025-01-12 16:36:16.333291	2025-01-12 16:36:16.333291
104247	20842	5	mandatory	2025-01-12 16:36:16.333291	2025-01-12 16:36:16.333291
104248	20842	1	mandatory	2025-01-12 16:36:16.333291	2025-01-12 16:36:16.333291
104249	20842	2	alternative	2025-01-12 16:36:16.333291	2025-01-12 16:36:16.333291
104250	20842	3	alternative	2025-01-12 16:36:16.333291	2025-01-12 16:36:16.333291
104251	20843	1	mandatory	2025-01-12 16:36:16.33984	2025-01-12 16:36:16.33984
104252	20843	8	mandatory	2025-01-12 16:36:16.33984	2025-01-12 16:36:16.33984
104253	20843	11	mandatory	2025-01-12 16:36:16.33984	2025-01-12 16:36:16.33984
104254	20843	4	alternative	2025-01-12 16:36:16.33984	2025-01-12 16:36:16.33984
104255	20843	3	alternative	2025-01-12 16:36:16.33984	2025-01-12 16:36:16.33984
104256	20844	4	mandatory	2025-01-12 16:36:16.345758	2025-01-12 16:36:16.345758
104257	20844	7	mandatory	2025-01-12 16:36:16.345758	2025-01-12 16:36:16.345758
104258	20844	5	mandatory	2025-01-12 16:36:16.345758	2025-01-12 16:36:16.345758
104259	20844	1	alternative	2025-01-12 16:36:16.345758	2025-01-12 16:36:16.345758
104260	20844	8	alternative	2025-01-12 16:36:16.345758	2025-01-12 16:36:16.345758
104261	20845	3	mandatory	2025-01-12 16:36:16.351261	2025-01-12 16:36:16.351261
104262	20845	7	mandatory	2025-01-12 16:36:16.351261	2025-01-12 16:36:16.351261
104263	20845	2	mandatory	2025-01-12 16:36:16.351261	2025-01-12 16:36:16.351261
104264	20845	4	alternative	2025-01-12 16:36:16.351261	2025-01-12 16:36:16.351261
104265	20845	1	alternative	2025-01-12 16:36:16.351261	2025-01-12 16:36:16.351261
104266	20846	7	mandatory	2025-01-12 16:36:16.357244	2025-01-12 16:36:16.357244
104267	20846	5	mandatory	2025-01-12 16:36:16.357244	2025-01-12 16:36:16.357244
104268	20846	1	mandatory	2025-01-12 16:36:16.357244	2025-01-12 16:36:16.357244
104269	20846	8	alternative	2025-01-12 16:36:16.357244	2025-01-12 16:36:16.357244
104270	20846	11	alternative	2025-01-12 16:36:16.357244	2025-01-12 16:36:16.357244
104271	20847	4	mandatory	2025-01-12 16:36:16.361884	2025-01-12 16:36:16.361884
104272	20847	3	mandatory	2025-01-12 16:36:16.361884	2025-01-12 16:36:16.361884
104273	20847	2	mandatory	2025-01-12 16:36:16.361884	2025-01-12 16:36:16.361884
104274	20847	1	alternative	2025-01-12 16:36:16.361884	2025-01-12 16:36:16.361884
104275	20847	5	alternative	2025-01-12 16:36:16.361884	2025-01-12 16:36:16.361884
104276	20848	11	mandatory	2025-01-12 16:36:16.368295	2025-01-12 16:36:16.368295
104277	20848	4	mandatory	2025-01-12 16:36:16.368295	2025-01-12 16:36:16.368295
104278	20848	6	mandatory	2025-01-12 16:36:16.368295	2025-01-12 16:36:16.368295
104279	20848	7	alternative	2025-01-12 16:36:16.368295	2025-01-12 16:36:16.368295
104280	20848	8	alternative	2025-01-12 16:36:16.368295	2025-01-12 16:36:16.368295
104281	20849	2	mandatory	2025-01-12 16:36:16.373343	2025-01-12 16:36:16.373343
104282	20849	1	mandatory	2025-01-12 16:36:16.373343	2025-01-12 16:36:16.373343
104283	20849	6	mandatory	2025-01-12 16:36:16.373343	2025-01-12 16:36:16.373343
104284	20849	8	alternative	2025-01-12 16:36:16.373343	2025-01-12 16:36:16.373343
104285	20849	3	alternative	2025-01-12 16:36:16.373343	2025-01-12 16:36:16.373343
104286	20850	6	mandatory	2025-01-12 16:36:16.378626	2025-01-12 16:36:16.378626
104287	20850	8	mandatory	2025-01-12 16:36:16.378626	2025-01-12 16:36:16.378626
104288	20850	1	mandatory	2025-01-12 16:36:16.378626	2025-01-12 16:36:16.378626
104289	20850	11	alternative	2025-01-12 16:36:16.378626	2025-01-12 16:36:16.378626
104290	20850	7	alternative	2025-01-12 16:36:16.378626	2025-01-12 16:36:16.378626
104291	20851	6	mandatory	2025-01-12 16:36:16.383781	2025-01-12 16:36:16.383781
104292	20851	11	mandatory	2025-01-12 16:36:16.383781	2025-01-12 16:36:16.383781
104293	20851	5	mandatory	2025-01-12 16:36:16.383781	2025-01-12 16:36:16.383781
104294	20851	4	alternative	2025-01-12 16:36:16.383781	2025-01-12 16:36:16.383781
104295	20851	3	alternative	2025-01-12 16:36:16.383781	2025-01-12 16:36:16.383781
104296	20852	8	mandatory	2025-01-12 16:36:16.389268	2025-01-12 16:36:16.389268
104297	20852	7	mandatory	2025-01-12 16:36:16.389268	2025-01-12 16:36:16.389268
104298	20852	2	mandatory	2025-01-12 16:36:16.389268	2025-01-12 16:36:16.389268
104299	20852	6	alternative	2025-01-12 16:36:16.389268	2025-01-12 16:36:16.389268
104300	20852	3	alternative	2025-01-12 16:36:16.389268	2025-01-12 16:36:16.389268
104301	20853	1	mandatory	2025-01-12 16:36:16.395497	2025-01-12 16:36:16.395497
104302	20853	8	mandatory	2025-01-12 16:36:16.395497	2025-01-12 16:36:16.395497
104303	20853	2	mandatory	2025-01-12 16:36:16.395497	2025-01-12 16:36:16.395497
104304	20853	11	alternative	2025-01-12 16:36:16.395497	2025-01-12 16:36:16.395497
104305	20853	6	alternative	2025-01-12 16:36:16.395497	2025-01-12 16:36:16.395497
104306	20854	4	mandatory	2025-01-12 16:36:16.401496	2025-01-12 16:36:16.401496
104307	20854	8	mandatory	2025-01-12 16:36:16.401496	2025-01-12 16:36:16.401496
104308	20854	5	mandatory	2025-01-12 16:36:16.401496	2025-01-12 16:36:16.401496
104309	20854	3	alternative	2025-01-12 16:36:16.401496	2025-01-12 16:36:16.401496
104310	20854	11	alternative	2025-01-12 16:36:16.401496	2025-01-12 16:36:16.401496
104311	20855	2	mandatory	2025-01-12 16:36:16.406447	2025-01-12 16:36:16.406447
104312	20855	7	mandatory	2025-01-12 16:36:16.406447	2025-01-12 16:36:16.406447
104313	20855	1	mandatory	2025-01-12 16:36:16.406447	2025-01-12 16:36:16.406447
104314	20855	3	alternative	2025-01-12 16:36:16.406447	2025-01-12 16:36:16.406447
104315	20855	6	alternative	2025-01-12 16:36:16.406447	2025-01-12 16:36:16.406447
104316	20856	1	mandatory	2025-01-12 16:36:16.412502	2025-01-12 16:36:16.412502
104317	20856	2	mandatory	2025-01-12 16:36:16.412502	2025-01-12 16:36:16.412502
104318	20856	6	mandatory	2025-01-12 16:36:16.412502	2025-01-12 16:36:16.412502
104319	20856	11	alternative	2025-01-12 16:36:16.412502	2025-01-12 16:36:16.412502
104320	20856	3	alternative	2025-01-12 16:36:16.412502	2025-01-12 16:36:16.412502
104321	20857	5	mandatory	2025-01-12 16:36:16.418563	2025-01-12 16:36:16.418563
104322	20857	7	mandatory	2025-01-12 16:36:16.418563	2025-01-12 16:36:16.418563
104323	20857	2	mandatory	2025-01-12 16:36:16.418563	2025-01-12 16:36:16.418563
104324	20857	8	alternative	2025-01-12 16:36:16.418563	2025-01-12 16:36:16.418563
104325	20857	3	alternative	2025-01-12 16:36:16.418563	2025-01-12 16:36:16.418563
104326	20858	3	mandatory	2025-01-12 16:36:16.424539	2025-01-12 16:36:16.424539
104327	20858	11	mandatory	2025-01-12 16:36:16.424539	2025-01-12 16:36:16.424539
104328	20858	4	mandatory	2025-01-12 16:36:16.424539	2025-01-12 16:36:16.424539
104329	20858	5	alternative	2025-01-12 16:36:16.424539	2025-01-12 16:36:16.424539
104330	20858	1	alternative	2025-01-12 16:36:16.424539	2025-01-12 16:36:16.424539
104331	20859	11	mandatory	2025-01-12 16:36:16.430561	2025-01-12 16:36:16.430561
104332	20859	2	mandatory	2025-01-12 16:36:16.430561	2025-01-12 16:36:16.430561
104333	20859	4	mandatory	2025-01-12 16:36:16.430561	2025-01-12 16:36:16.430561
104334	20859	8	alternative	2025-01-12 16:36:16.430561	2025-01-12 16:36:16.430561
104335	20859	1	alternative	2025-01-12 16:36:16.430561	2025-01-12 16:36:16.430561
104336	20860	6	mandatory	2025-01-12 16:36:16.436395	2025-01-12 16:36:16.436395
104337	20860	8	mandatory	2025-01-12 16:36:16.436395	2025-01-12 16:36:16.436395
104338	20860	4	mandatory	2025-01-12 16:36:16.436395	2025-01-12 16:36:16.436395
104339	20860	3	alternative	2025-01-12 16:36:16.436395	2025-01-12 16:36:16.436395
104340	20860	7	alternative	2025-01-12 16:36:16.436395	2025-01-12 16:36:16.436395
104341	20861	7	mandatory	2025-01-12 16:36:16.44192	2025-01-12 16:36:16.44192
104342	20861	3	mandatory	2025-01-12 16:36:16.44192	2025-01-12 16:36:16.44192
104343	20861	2	mandatory	2025-01-12 16:36:16.44192	2025-01-12 16:36:16.44192
104344	20861	5	alternative	2025-01-12 16:36:16.44192	2025-01-12 16:36:16.44192
104345	20861	1	alternative	2025-01-12 16:36:16.44192	2025-01-12 16:36:16.44192
104346	20862	5	mandatory	2025-01-12 16:36:16.447626	2025-01-12 16:36:16.447626
104347	20862	8	mandatory	2025-01-12 16:36:16.447626	2025-01-12 16:36:16.447626
104348	20862	1	mandatory	2025-01-12 16:36:16.447626	2025-01-12 16:36:16.447626
104349	20862	2	alternative	2025-01-12 16:36:16.447626	2025-01-12 16:36:16.447626
104350	20862	7	alternative	2025-01-12 16:36:16.447626	2025-01-12 16:36:16.447626
104351	20863	4	mandatory	2025-01-12 16:36:16.453398	2025-01-12 16:36:16.453398
104352	20863	3	mandatory	2025-01-12 16:36:16.453398	2025-01-12 16:36:16.453398
104353	20863	7	mandatory	2025-01-12 16:36:16.453398	2025-01-12 16:36:16.453398
104354	20863	2	alternative	2025-01-12 16:36:16.453398	2025-01-12 16:36:16.453398
104355	20863	6	alternative	2025-01-12 16:36:16.453398	2025-01-12 16:36:16.453398
104356	20864	4	mandatory	2025-01-12 16:36:16.459339	2025-01-12 16:36:16.459339
104357	20864	1	mandatory	2025-01-12 16:36:16.459339	2025-01-12 16:36:16.459339
104358	20864	2	mandatory	2025-01-12 16:36:16.459339	2025-01-12 16:36:16.459339
104359	20864	3	alternative	2025-01-12 16:36:16.459339	2025-01-12 16:36:16.459339
104360	20864	6	alternative	2025-01-12 16:36:16.459339	2025-01-12 16:36:16.459339
104361	20865	2	mandatory	2025-01-12 16:36:16.464619	2025-01-12 16:36:16.464619
104362	20865	6	mandatory	2025-01-12 16:36:16.464619	2025-01-12 16:36:16.464619
104363	20865	11	mandatory	2025-01-12 16:36:16.464619	2025-01-12 16:36:16.464619
104364	20865	5	alternative	2025-01-12 16:36:16.464619	2025-01-12 16:36:16.464619
104365	20865	7	alternative	2025-01-12 16:36:16.464619	2025-01-12 16:36:16.464619
104366	20866	3	mandatory	2025-01-12 16:36:16.470266	2025-01-12 16:36:16.470266
104367	20866	4	mandatory	2025-01-12 16:36:16.470266	2025-01-12 16:36:16.470266
104368	20866	6	mandatory	2025-01-12 16:36:16.470266	2025-01-12 16:36:16.470266
104369	20866	8	alternative	2025-01-12 16:36:16.470266	2025-01-12 16:36:16.470266
104370	20866	11	alternative	2025-01-12 16:36:16.470266	2025-01-12 16:36:16.470266
104371	20867	1	mandatory	2025-01-12 16:36:16.476641	2025-01-12 16:36:16.476641
104372	20867	2	mandatory	2025-01-12 16:36:16.476641	2025-01-12 16:36:16.476641
104373	20867	3	mandatory	2025-01-12 16:36:16.476641	2025-01-12 16:36:16.476641
104374	20867	8	alternative	2025-01-12 16:36:16.476641	2025-01-12 16:36:16.476641
104375	20867	4	alternative	2025-01-12 16:36:16.476641	2025-01-12 16:36:16.476641
104376	20868	7	mandatory	2025-01-12 16:36:16.482255	2025-01-12 16:36:16.482255
104377	20868	6	mandatory	2025-01-12 16:36:16.482255	2025-01-12 16:36:16.482255
104378	20868	5	mandatory	2025-01-12 16:36:16.482255	2025-01-12 16:36:16.482255
104379	20868	1	alternative	2025-01-12 16:36:16.482255	2025-01-12 16:36:16.482255
104380	20868	4	alternative	2025-01-12 16:36:16.482255	2025-01-12 16:36:16.482255
104381	20869	1	mandatory	2025-01-12 16:36:16.48745	2025-01-12 16:36:16.48745
104382	20869	6	mandatory	2025-01-12 16:36:16.48745	2025-01-12 16:36:16.48745
104383	20869	2	mandatory	2025-01-12 16:36:16.48745	2025-01-12 16:36:16.48745
104384	20869	11	alternative	2025-01-12 16:36:16.48745	2025-01-12 16:36:16.48745
104385	20869	3	alternative	2025-01-12 16:36:16.48745	2025-01-12 16:36:16.48745
104386	20870	8	mandatory	2025-01-12 16:36:16.494384	2025-01-12 16:36:16.494384
104387	20870	5	mandatory	2025-01-12 16:36:16.494384	2025-01-12 16:36:16.494384
104388	20870	4	mandatory	2025-01-12 16:36:16.494384	2025-01-12 16:36:16.494384
104389	20870	11	alternative	2025-01-12 16:36:16.494384	2025-01-12 16:36:16.494384
104390	20870	3	alternative	2025-01-12 16:36:16.494384	2025-01-12 16:36:16.494384
104391	20871	5	mandatory	2025-01-12 16:36:16.50198	2025-01-12 16:36:16.50198
104392	20871	7	mandatory	2025-01-12 16:36:16.50198	2025-01-12 16:36:16.50198
104393	20871	4	mandatory	2025-01-12 16:36:16.50198	2025-01-12 16:36:16.50198
104394	20871	6	alternative	2025-01-12 16:36:16.50198	2025-01-12 16:36:16.50198
104395	20871	8	alternative	2025-01-12 16:36:16.50198	2025-01-12 16:36:16.50198
104396	20872	8	mandatory	2025-01-12 16:36:16.507775	2025-01-12 16:36:16.507775
104397	20872	4	mandatory	2025-01-12 16:36:16.507775	2025-01-12 16:36:16.507775
104398	20872	11	mandatory	2025-01-12 16:36:16.507775	2025-01-12 16:36:16.507775
104399	20872	5	alternative	2025-01-12 16:36:16.507775	2025-01-12 16:36:16.507775
104400	20872	3	alternative	2025-01-12 16:36:16.507775	2025-01-12 16:36:16.507775
104401	20873	1	mandatory	2025-01-12 16:36:16.514365	2025-01-12 16:36:16.514365
104402	20873	2	mandatory	2025-01-12 16:36:16.514365	2025-01-12 16:36:16.514365
104403	20873	11	mandatory	2025-01-12 16:36:16.514365	2025-01-12 16:36:16.514365
104404	20873	3	alternative	2025-01-12 16:36:16.514365	2025-01-12 16:36:16.514365
104405	20873	8	alternative	2025-01-12 16:36:16.514365	2025-01-12 16:36:16.514365
104406	20874	7	mandatory	2025-01-12 16:36:16.520648	2025-01-12 16:36:16.520648
104407	20874	3	mandatory	2025-01-12 16:36:16.520648	2025-01-12 16:36:16.520648
104408	20874	5	mandatory	2025-01-12 16:36:16.520648	2025-01-12 16:36:16.520648
104409	20874	8	alternative	2025-01-12 16:36:16.520648	2025-01-12 16:36:16.520648
104410	20874	11	alternative	2025-01-12 16:36:16.520648	2025-01-12 16:36:16.520648
104411	20875	4	mandatory	2025-01-12 16:36:16.527239	2025-01-12 16:36:16.527239
104412	20875	6	mandatory	2025-01-12 16:36:16.527239	2025-01-12 16:36:16.527239
104413	20875	3	mandatory	2025-01-12 16:36:16.527239	2025-01-12 16:36:16.527239
104414	20875	2	alternative	2025-01-12 16:36:16.527239	2025-01-12 16:36:16.527239
104415	20875	5	alternative	2025-01-12 16:36:16.527239	2025-01-12 16:36:16.527239
104416	20876	7	mandatory	2025-01-12 16:36:16.532429	2025-01-12 16:36:16.532429
104417	20876	6	mandatory	2025-01-12 16:36:16.532429	2025-01-12 16:36:16.532429
104418	20876	3	mandatory	2025-01-12 16:36:16.532429	2025-01-12 16:36:16.532429
104419	20876	1	alternative	2025-01-12 16:36:16.532429	2025-01-12 16:36:16.532429
104420	20876	5	alternative	2025-01-12 16:36:16.532429	2025-01-12 16:36:16.532429
104421	20877	8	mandatory	2025-01-12 16:36:16.538664	2025-01-12 16:36:16.538664
104422	20877	3	mandatory	2025-01-12 16:36:16.538664	2025-01-12 16:36:16.538664
104423	20877	5	mandatory	2025-01-12 16:36:16.538664	2025-01-12 16:36:16.538664
104424	20877	6	alternative	2025-01-12 16:36:16.538664	2025-01-12 16:36:16.538664
104425	20877	2	alternative	2025-01-12 16:36:16.538664	2025-01-12 16:36:16.538664
104426	20878	8	mandatory	2025-01-12 16:36:16.545729	2025-01-12 16:36:16.545729
104427	20878	3	mandatory	2025-01-12 16:36:16.545729	2025-01-12 16:36:16.545729
104428	20878	11	mandatory	2025-01-12 16:36:16.545729	2025-01-12 16:36:16.545729
104429	20878	4	alternative	2025-01-12 16:36:16.545729	2025-01-12 16:36:16.545729
104430	20878	6	alternative	2025-01-12 16:36:16.545729	2025-01-12 16:36:16.545729
104431	20879	8	mandatory	2025-01-12 16:36:16.552051	2025-01-12 16:36:16.552051
104432	20879	2	mandatory	2025-01-12 16:36:16.552051	2025-01-12 16:36:16.552051
104433	20879	7	mandatory	2025-01-12 16:36:16.552051	2025-01-12 16:36:16.552051
104434	20879	4	alternative	2025-01-12 16:36:16.552051	2025-01-12 16:36:16.552051
104435	20879	11	alternative	2025-01-12 16:36:16.552051	2025-01-12 16:36:16.552051
104436	20880	2	mandatory	2025-01-12 16:36:16.558419	2025-01-12 16:36:16.558419
104437	20880	1	mandatory	2025-01-12 16:36:16.558419	2025-01-12 16:36:16.558419
104438	20880	5	mandatory	2025-01-12 16:36:16.558419	2025-01-12 16:36:16.558419
104439	20880	4	alternative	2025-01-12 16:36:16.558419	2025-01-12 16:36:16.558419
104440	20880	7	alternative	2025-01-12 16:36:16.558419	2025-01-12 16:36:16.558419
104441	20881	8	mandatory	2025-01-12 16:36:16.563187	2025-01-12 16:36:16.563187
104442	20881	6	mandatory	2025-01-12 16:36:16.563187	2025-01-12 16:36:16.563187
104443	20881	4	mandatory	2025-01-12 16:36:16.563187	2025-01-12 16:36:16.563187
104444	20881	7	alternative	2025-01-12 16:36:16.563187	2025-01-12 16:36:16.563187
104445	20881	5	alternative	2025-01-12 16:36:16.563187	2025-01-12 16:36:16.563187
104446	20882	7	mandatory	2025-01-12 16:36:16.569899	2025-01-12 16:36:16.569899
104447	20882	6	mandatory	2025-01-12 16:36:16.569899	2025-01-12 16:36:16.569899
104448	20882	1	mandatory	2025-01-12 16:36:16.569899	2025-01-12 16:36:16.569899
104449	20882	4	alternative	2025-01-12 16:36:16.569899	2025-01-12 16:36:16.569899
104450	20882	11	alternative	2025-01-12 16:36:16.569899	2025-01-12 16:36:16.569899
104451	20883	4	mandatory	2025-01-12 16:36:16.576393	2025-01-12 16:36:16.576393
104452	20883	7	mandatory	2025-01-12 16:36:16.576393	2025-01-12 16:36:16.576393
104453	20883	1	mandatory	2025-01-12 16:36:16.576393	2025-01-12 16:36:16.576393
104454	20883	6	alternative	2025-01-12 16:36:16.576393	2025-01-12 16:36:16.576393
104455	20883	2	alternative	2025-01-12 16:36:16.576393	2025-01-12 16:36:16.576393
104456	20884	1	mandatory	2025-01-12 16:36:16.583709	2025-01-12 16:36:16.583709
104457	20884	2	mandatory	2025-01-12 16:36:16.583709	2025-01-12 16:36:16.583709
104458	20884	7	mandatory	2025-01-12 16:36:16.583709	2025-01-12 16:36:16.583709
104459	20884	8	alternative	2025-01-12 16:36:16.583709	2025-01-12 16:36:16.583709
104460	20884	5	alternative	2025-01-12 16:36:16.583709	2025-01-12 16:36:16.583709
104461	20885	6	mandatory	2025-01-12 16:36:16.590462	2025-01-12 16:36:16.590462
104462	20885	1	mandatory	2025-01-12 16:36:16.590462	2025-01-12 16:36:16.590462
104463	20885	2	mandatory	2025-01-12 16:36:16.590462	2025-01-12 16:36:16.590462
104464	20885	3	alternative	2025-01-12 16:36:16.590462	2025-01-12 16:36:16.590462
104465	20885	4	alternative	2025-01-12 16:36:16.590462	2025-01-12 16:36:16.590462
104466	20886	8	mandatory	2025-01-12 16:36:16.597455	2025-01-12 16:36:16.597455
104467	20886	5	mandatory	2025-01-12 16:36:16.597455	2025-01-12 16:36:16.597455
104468	20886	2	mandatory	2025-01-12 16:36:16.597455	2025-01-12 16:36:16.597455
104469	20886	7	alternative	2025-01-12 16:36:16.597455	2025-01-12 16:36:16.597455
104470	20886	6	alternative	2025-01-12 16:36:16.597455	2025-01-12 16:36:16.597455
104471	20887	4	mandatory	2025-01-12 16:36:16.603293	2025-01-12 16:36:16.603293
104472	20887	8	mandatory	2025-01-12 16:36:16.603293	2025-01-12 16:36:16.603293
104473	20887	7	mandatory	2025-01-12 16:36:16.603293	2025-01-12 16:36:16.603293
104474	20887	5	alternative	2025-01-12 16:36:16.603293	2025-01-12 16:36:16.603293
104475	20887	1	alternative	2025-01-12 16:36:16.603293	2025-01-12 16:36:16.603293
104476	20888	1	mandatory	2025-01-12 16:36:16.608438	2025-01-12 16:36:16.608438
104477	20888	11	mandatory	2025-01-12 16:36:16.608438	2025-01-12 16:36:16.608438
104478	20888	3	mandatory	2025-01-12 16:36:16.608438	2025-01-12 16:36:16.608438
104479	20888	7	alternative	2025-01-12 16:36:16.608438	2025-01-12 16:36:16.608438
104480	20888	6	alternative	2025-01-12 16:36:16.608438	2025-01-12 16:36:16.608438
104481	20889	1	mandatory	2025-01-12 16:36:16.614149	2025-01-12 16:36:16.614149
104482	20889	4	mandatory	2025-01-12 16:36:16.614149	2025-01-12 16:36:16.614149
104483	20889	11	mandatory	2025-01-12 16:36:16.614149	2025-01-12 16:36:16.614149
104484	20889	8	alternative	2025-01-12 16:36:16.614149	2025-01-12 16:36:16.614149
104485	20889	6	alternative	2025-01-12 16:36:16.614149	2025-01-12 16:36:16.614149
104486	20890	3	mandatory	2025-01-12 16:36:16.620215	2025-01-12 16:36:16.620215
104487	20890	2	mandatory	2025-01-12 16:36:16.620215	2025-01-12 16:36:16.620215
104488	20890	4	mandatory	2025-01-12 16:36:16.620215	2025-01-12 16:36:16.620215
104489	20890	5	alternative	2025-01-12 16:36:16.620215	2025-01-12 16:36:16.620215
104490	20890	11	alternative	2025-01-12 16:36:16.620215	2025-01-12 16:36:16.620215
104491	20891	6	mandatory	2025-01-12 16:36:16.625984	2025-01-12 16:36:16.625984
104492	20891	2	mandatory	2025-01-12 16:36:16.625984	2025-01-12 16:36:16.625984
104493	20891	11	mandatory	2025-01-12 16:36:16.625984	2025-01-12 16:36:16.625984
104494	20891	8	alternative	2025-01-12 16:36:16.625984	2025-01-12 16:36:16.625984
104495	20891	3	alternative	2025-01-12 16:36:16.625984	2025-01-12 16:36:16.625984
104496	20892	5	mandatory	2025-01-12 16:36:16.632001	2025-01-12 16:36:16.632001
104497	20892	6	mandatory	2025-01-12 16:36:16.632001	2025-01-12 16:36:16.632001
104498	20892	1	mandatory	2025-01-12 16:36:16.632001	2025-01-12 16:36:16.632001
104499	20892	11	alternative	2025-01-12 16:36:16.632001	2025-01-12 16:36:16.632001
104500	20892	8	alternative	2025-01-12 16:36:16.632001	2025-01-12 16:36:16.632001
104501	20893	1	mandatory	2025-01-12 16:36:16.63855	2025-01-12 16:36:16.63855
104502	20893	8	mandatory	2025-01-12 16:36:16.63855	2025-01-12 16:36:16.63855
104503	20893	2	mandatory	2025-01-12 16:36:16.63855	2025-01-12 16:36:16.63855
104504	20893	6	alternative	2025-01-12 16:36:16.63855	2025-01-12 16:36:16.63855
104505	20893	5	alternative	2025-01-12 16:36:16.63855	2025-01-12 16:36:16.63855
104506	20894	11	mandatory	2025-01-12 16:36:16.644753	2025-01-12 16:36:16.644753
104507	20894	2	mandatory	2025-01-12 16:36:16.644753	2025-01-12 16:36:16.644753
104508	20894	7	mandatory	2025-01-12 16:36:16.644753	2025-01-12 16:36:16.644753
104509	20894	3	alternative	2025-01-12 16:36:16.644753	2025-01-12 16:36:16.644753
104510	20894	6	alternative	2025-01-12 16:36:16.644753	2025-01-12 16:36:16.644753
104511	20895	1	mandatory	2025-01-12 16:36:16.650109	2025-01-12 16:36:16.650109
104512	20895	6	mandatory	2025-01-12 16:36:16.650109	2025-01-12 16:36:16.650109
104513	20895	5	mandatory	2025-01-12 16:36:16.650109	2025-01-12 16:36:16.650109
104514	20895	2	alternative	2025-01-12 16:36:16.650109	2025-01-12 16:36:16.650109
104515	20895	11	alternative	2025-01-12 16:36:16.650109	2025-01-12 16:36:16.650109
104516	20896	1	mandatory	2025-01-12 16:36:16.654765	2025-01-12 16:36:16.654765
104517	20896	2	mandatory	2025-01-12 16:36:16.654765	2025-01-12 16:36:16.654765
104518	20896	3	mandatory	2025-01-12 16:36:16.654765	2025-01-12 16:36:16.654765
104519	20896	4	alternative	2025-01-12 16:36:16.654765	2025-01-12 16:36:16.654765
104520	20896	6	alternative	2025-01-12 16:36:16.654765	2025-01-12 16:36:16.654765
104521	20897	4	mandatory	2025-01-12 16:36:16.66241	2025-01-12 16:36:16.66241
104522	20897	6	mandatory	2025-01-12 16:36:16.66241	2025-01-12 16:36:16.66241
104523	20897	3	mandatory	2025-01-12 16:36:16.66241	2025-01-12 16:36:16.66241
104524	20897	5	alternative	2025-01-12 16:36:16.66241	2025-01-12 16:36:16.66241
104525	20897	2	alternative	2025-01-12 16:36:16.66241	2025-01-12 16:36:16.66241
104526	20898	6	mandatory	2025-01-12 16:36:16.668508	2025-01-12 16:36:16.668508
104527	20898	4	mandatory	2025-01-12 16:36:16.668508	2025-01-12 16:36:16.668508
104528	20898	8	mandatory	2025-01-12 16:36:16.668508	2025-01-12 16:36:16.668508
104529	20898	3	alternative	2025-01-12 16:36:16.668508	2025-01-12 16:36:16.668508
104530	20898	2	alternative	2025-01-12 16:36:16.668508	2025-01-12 16:36:16.668508
104531	20899	4	mandatory	2025-01-12 16:36:16.673973	2025-01-12 16:36:16.673973
104532	20899	3	mandatory	2025-01-12 16:36:16.673973	2025-01-12 16:36:16.673973
104533	20899	11	mandatory	2025-01-12 16:36:16.673973	2025-01-12 16:36:16.673973
104534	20899	6	alternative	2025-01-12 16:36:16.673973	2025-01-12 16:36:16.673973
104535	20899	1	alternative	2025-01-12 16:36:16.673973	2025-01-12 16:36:16.673973
104536	20900	11	mandatory	2025-01-12 16:36:16.680764	2025-01-12 16:36:16.680764
104537	20900	1	mandatory	2025-01-12 16:36:16.680764	2025-01-12 16:36:16.680764
104538	20900	4	mandatory	2025-01-12 16:36:16.680764	2025-01-12 16:36:16.680764
104539	20900	2	alternative	2025-01-12 16:36:16.680764	2025-01-12 16:36:16.680764
104540	20900	8	alternative	2025-01-12 16:36:16.680764	2025-01-12 16:36:16.680764
104541	20901	3	mandatory	2025-01-12 16:36:16.686635	2025-01-12 16:36:16.686635
104542	20901	8	mandatory	2025-01-12 16:36:16.686635	2025-01-12 16:36:16.686635
104543	20901	11	mandatory	2025-01-12 16:36:16.686635	2025-01-12 16:36:16.686635
104544	20901	4	alternative	2025-01-12 16:36:16.686635	2025-01-12 16:36:16.686635
104545	20901	7	alternative	2025-01-12 16:36:16.686635	2025-01-12 16:36:16.686635
104546	20902	1	mandatory	2025-01-12 16:36:16.693111	2025-01-12 16:36:16.693111
104547	20902	11	mandatory	2025-01-12 16:36:16.693111	2025-01-12 16:36:16.693111
104548	20902	2	mandatory	2025-01-12 16:36:16.693111	2025-01-12 16:36:16.693111
104549	20902	4	alternative	2025-01-12 16:36:16.693111	2025-01-12 16:36:16.693111
104550	20902	3	alternative	2025-01-12 16:36:16.693111	2025-01-12 16:36:16.693111
104551	20903	8	mandatory	2025-01-12 16:36:16.699691	2025-01-12 16:36:16.699691
104552	20903	4	mandatory	2025-01-12 16:36:16.699691	2025-01-12 16:36:16.699691
104553	20903	5	mandatory	2025-01-12 16:36:16.699691	2025-01-12 16:36:16.699691
104554	20903	6	alternative	2025-01-12 16:36:16.699691	2025-01-12 16:36:16.699691
104555	20903	1	alternative	2025-01-12 16:36:16.699691	2025-01-12 16:36:16.699691
104556	20904	11	mandatory	2025-01-12 16:36:16.705859	2025-01-12 16:36:16.705859
104557	20904	6	mandatory	2025-01-12 16:36:16.705859	2025-01-12 16:36:16.705859
104558	20904	1	mandatory	2025-01-12 16:36:16.705859	2025-01-12 16:36:16.705859
104559	20904	2	alternative	2025-01-12 16:36:16.705859	2025-01-12 16:36:16.705859
104560	20904	3	alternative	2025-01-12 16:36:16.705859	2025-01-12 16:36:16.705859
104561	20905	4	mandatory	2025-01-12 16:36:16.711952	2025-01-12 16:36:16.711952
104562	20905	2	mandatory	2025-01-12 16:36:16.711952	2025-01-12 16:36:16.711952
104563	20905	6	mandatory	2025-01-12 16:36:16.711952	2025-01-12 16:36:16.711952
104564	20905	8	alternative	2025-01-12 16:36:16.711952	2025-01-12 16:36:16.711952
104565	20905	1	alternative	2025-01-12 16:36:16.711952	2025-01-12 16:36:16.711952
104566	20906	11	mandatory	2025-01-12 16:36:16.718288	2025-01-12 16:36:16.718288
104567	20906	7	mandatory	2025-01-12 16:36:16.718288	2025-01-12 16:36:16.718288
104568	20906	1	mandatory	2025-01-12 16:36:16.718288	2025-01-12 16:36:16.718288
104569	20906	4	alternative	2025-01-12 16:36:16.718288	2025-01-12 16:36:16.718288
104570	20906	2	alternative	2025-01-12 16:36:16.718288	2025-01-12 16:36:16.718288
104571	20907	5	mandatory	2025-01-12 16:36:16.72482	2025-01-12 16:36:16.72482
104572	20907	4	mandatory	2025-01-12 16:36:16.72482	2025-01-12 16:36:16.72482
104573	20907	1	mandatory	2025-01-12 16:36:16.72482	2025-01-12 16:36:16.72482
104574	20907	11	alternative	2025-01-12 16:36:16.72482	2025-01-12 16:36:16.72482
104575	20907	7	alternative	2025-01-12 16:36:16.72482	2025-01-12 16:36:16.72482
104576	20908	4	mandatory	2025-01-12 16:36:16.730403	2025-01-12 16:36:16.730403
104577	20908	7	mandatory	2025-01-12 16:36:16.730403	2025-01-12 16:36:16.730403
104578	20908	11	mandatory	2025-01-12 16:36:16.730403	2025-01-12 16:36:16.730403
104579	20908	8	alternative	2025-01-12 16:36:16.730403	2025-01-12 16:36:16.730403
104580	20908	1	alternative	2025-01-12 16:36:16.730403	2025-01-12 16:36:16.730403
104581	20909	4	mandatory	2025-01-12 16:36:16.736887	2025-01-12 16:36:16.736887
104582	20909	3	mandatory	2025-01-12 16:36:16.736887	2025-01-12 16:36:16.736887
104583	20909	8	mandatory	2025-01-12 16:36:16.736887	2025-01-12 16:36:16.736887
104584	20909	2	alternative	2025-01-12 16:36:16.736887	2025-01-12 16:36:16.736887
104585	20909	6	alternative	2025-01-12 16:36:16.736887	2025-01-12 16:36:16.736887
104586	20910	8	mandatory	2025-01-12 16:36:16.74413	2025-01-12 16:36:16.74413
104587	20910	6	mandatory	2025-01-12 16:36:16.74413	2025-01-12 16:36:16.74413
104588	20910	11	mandatory	2025-01-12 16:36:16.74413	2025-01-12 16:36:16.74413
104589	20910	1	alternative	2025-01-12 16:36:16.74413	2025-01-12 16:36:16.74413
104590	20910	3	alternative	2025-01-12 16:36:16.74413	2025-01-12 16:36:16.74413
104591	20911	3	mandatory	2025-01-12 16:36:16.749855	2025-01-12 16:36:16.749855
104592	20911	2	mandatory	2025-01-12 16:36:16.749855	2025-01-12 16:36:16.749855
104593	20911	6	mandatory	2025-01-12 16:36:16.749855	2025-01-12 16:36:16.749855
104594	20911	1	alternative	2025-01-12 16:36:16.749855	2025-01-12 16:36:16.749855
104595	20911	11	alternative	2025-01-12 16:36:16.749855	2025-01-12 16:36:16.749855
104596	20912	8	mandatory	2025-01-12 16:36:16.755693	2025-01-12 16:36:16.755693
104597	20912	5	mandatory	2025-01-12 16:36:16.755693	2025-01-12 16:36:16.755693
104598	20912	2	mandatory	2025-01-12 16:36:16.755693	2025-01-12 16:36:16.755693
104599	20912	4	alternative	2025-01-12 16:36:16.755693	2025-01-12 16:36:16.755693
104600	20912	7	alternative	2025-01-12 16:36:16.755693	2025-01-12 16:36:16.755693
104601	20913	5	mandatory	2025-01-12 16:36:16.762303	2025-01-12 16:36:16.762303
104602	20913	4	mandatory	2025-01-12 16:36:16.762303	2025-01-12 16:36:16.762303
104603	20913	11	mandatory	2025-01-12 16:36:16.762303	2025-01-12 16:36:16.762303
104604	20913	6	alternative	2025-01-12 16:36:16.762303	2025-01-12 16:36:16.762303
104605	20913	2	alternative	2025-01-12 16:36:16.762303	2025-01-12 16:36:16.762303
104606	20914	4	mandatory	2025-01-12 16:36:16.768176	2025-01-12 16:36:16.768176
104607	20914	3	mandatory	2025-01-12 16:36:16.768176	2025-01-12 16:36:16.768176
104608	20914	1	mandatory	2025-01-12 16:36:16.768176	2025-01-12 16:36:16.768176
104609	20914	2	alternative	2025-01-12 16:36:16.768176	2025-01-12 16:36:16.768176
104610	20914	6	alternative	2025-01-12 16:36:16.768176	2025-01-12 16:36:16.768176
104611	20915	5	mandatory	2025-01-12 16:36:16.774339	2025-01-12 16:36:16.774339
104612	20915	3	mandatory	2025-01-12 16:36:16.774339	2025-01-12 16:36:16.774339
104613	20915	6	mandatory	2025-01-12 16:36:16.774339	2025-01-12 16:36:16.774339
104614	20915	1	alternative	2025-01-12 16:36:16.774339	2025-01-12 16:36:16.774339
104615	20915	2	alternative	2025-01-12 16:36:16.774339	2025-01-12 16:36:16.774339
104616	20916	7	mandatory	2025-01-12 16:36:16.780609	2025-01-12 16:36:16.780609
104617	20916	4	mandatory	2025-01-12 16:36:16.780609	2025-01-12 16:36:16.780609
104618	20916	1	mandatory	2025-01-12 16:36:16.780609	2025-01-12 16:36:16.780609
104619	20916	6	alternative	2025-01-12 16:36:16.780609	2025-01-12 16:36:16.780609
104620	20916	5	alternative	2025-01-12 16:36:16.780609	2025-01-12 16:36:16.780609
104621	20917	4	mandatory	2025-01-12 16:36:16.786798	2025-01-12 16:36:16.786798
104622	20917	3	mandatory	2025-01-12 16:36:16.786798	2025-01-12 16:36:16.786798
104623	20917	8	mandatory	2025-01-12 16:36:16.786798	2025-01-12 16:36:16.786798
104624	20917	7	alternative	2025-01-12 16:36:16.786798	2025-01-12 16:36:16.786798
104625	20917	6	alternative	2025-01-12 16:36:16.786798	2025-01-12 16:36:16.786798
104626	20918	3	mandatory	2025-01-12 16:36:16.79375	2025-01-12 16:36:16.79375
104627	20918	8	mandatory	2025-01-12 16:36:16.79375	2025-01-12 16:36:16.79375
104628	20918	1	mandatory	2025-01-12 16:36:16.79375	2025-01-12 16:36:16.79375
104629	20918	2	alternative	2025-01-12 16:36:16.79375	2025-01-12 16:36:16.79375
104630	20918	7	alternative	2025-01-12 16:36:16.79375	2025-01-12 16:36:16.79375
104631	20919	4	mandatory	2025-01-12 16:36:16.80054	2025-01-12 16:36:16.80054
104632	20919	11	mandatory	2025-01-12 16:36:16.80054	2025-01-12 16:36:16.80054
104633	20919	1	mandatory	2025-01-12 16:36:16.80054	2025-01-12 16:36:16.80054
104634	20919	2	alternative	2025-01-12 16:36:16.80054	2025-01-12 16:36:16.80054
104635	20919	6	alternative	2025-01-12 16:36:16.80054	2025-01-12 16:36:16.80054
104636	20920	11	mandatory	2025-01-12 16:36:16.806718	2025-01-12 16:36:16.806718
104637	20920	5	mandatory	2025-01-12 16:36:16.806718	2025-01-12 16:36:16.806718
104638	20920	4	mandatory	2025-01-12 16:36:16.806718	2025-01-12 16:36:16.806718
104639	20920	6	alternative	2025-01-12 16:36:16.806718	2025-01-12 16:36:16.806718
104640	20920	8	alternative	2025-01-12 16:36:16.806718	2025-01-12 16:36:16.806718
104641	20921	3	mandatory	2025-01-12 16:36:16.812452	2025-01-12 16:36:16.812452
104642	20921	11	mandatory	2025-01-12 16:36:16.812452	2025-01-12 16:36:16.812452
104643	20921	2	mandatory	2025-01-12 16:36:16.812452	2025-01-12 16:36:16.812452
104644	20921	1	alternative	2025-01-12 16:36:16.812452	2025-01-12 16:36:16.812452
104645	20921	5	alternative	2025-01-12 16:36:16.812452	2025-01-12 16:36:16.812452
104646	20922	1	mandatory	2025-01-12 16:36:16.818928	2025-01-12 16:36:16.818928
104647	20922	2	mandatory	2025-01-12 16:36:16.818928	2025-01-12 16:36:16.818928
104648	20922	3	mandatory	2025-01-12 16:36:16.818928	2025-01-12 16:36:16.818928
104649	20922	6	alternative	2025-01-12 16:36:16.818928	2025-01-12 16:36:16.818928
104650	20922	5	alternative	2025-01-12 16:36:16.818928	2025-01-12 16:36:16.818928
104651	20923	6	mandatory	2025-01-12 16:36:16.824619	2025-01-12 16:36:16.824619
104652	20923	4	mandatory	2025-01-12 16:36:16.824619	2025-01-12 16:36:16.824619
104653	20923	1	mandatory	2025-01-12 16:36:16.824619	2025-01-12 16:36:16.824619
104654	20923	11	alternative	2025-01-12 16:36:16.824619	2025-01-12 16:36:16.824619
104655	20923	8	alternative	2025-01-12 16:36:16.824619	2025-01-12 16:36:16.824619
104656	20924	11	mandatory	2025-01-12 16:36:16.830375	2025-01-12 16:36:16.830375
104657	20924	3	mandatory	2025-01-12 16:36:16.830375	2025-01-12 16:36:16.830375
104658	20924	4	mandatory	2025-01-12 16:36:16.830375	2025-01-12 16:36:16.830375
104659	20924	2	alternative	2025-01-12 16:36:16.830375	2025-01-12 16:36:16.830375
104660	20924	1	alternative	2025-01-12 16:36:16.830375	2025-01-12 16:36:16.830375
104661	20925	5	mandatory	2025-01-12 16:36:16.836473	2025-01-12 16:36:16.836473
104662	20925	7	mandatory	2025-01-12 16:36:16.836473	2025-01-12 16:36:16.836473
104663	20925	4	mandatory	2025-01-12 16:36:16.836473	2025-01-12 16:36:16.836473
104664	20925	3	alternative	2025-01-12 16:36:16.836473	2025-01-12 16:36:16.836473
104665	20925	6	alternative	2025-01-12 16:36:16.836473	2025-01-12 16:36:16.836473
104666	20926	8	mandatory	2025-01-12 16:36:16.842885	2025-01-12 16:36:16.842885
104667	20926	2	mandatory	2025-01-12 16:36:16.842885	2025-01-12 16:36:16.842885
104668	20926	3	mandatory	2025-01-12 16:36:16.842885	2025-01-12 16:36:16.842885
104669	20926	6	alternative	2025-01-12 16:36:16.842885	2025-01-12 16:36:16.842885
104670	20926	5	alternative	2025-01-12 16:36:16.842885	2025-01-12 16:36:16.842885
104671	20927	1	mandatory	2025-01-12 16:36:16.849138	2025-01-12 16:36:16.849138
104672	20927	8	mandatory	2025-01-12 16:36:16.849138	2025-01-12 16:36:16.849138
104673	20927	11	mandatory	2025-01-12 16:36:16.849138	2025-01-12 16:36:16.849138
104674	20927	7	alternative	2025-01-12 16:36:16.849138	2025-01-12 16:36:16.849138
104675	20927	2	alternative	2025-01-12 16:36:16.849138	2025-01-12 16:36:16.849138
104676	20928	6	mandatory	2025-01-12 16:36:16.854226	2025-01-12 16:36:16.854226
104677	20928	11	mandatory	2025-01-12 16:36:16.854226	2025-01-12 16:36:16.854226
104678	20928	4	mandatory	2025-01-12 16:36:16.854226	2025-01-12 16:36:16.854226
104679	20928	1	alternative	2025-01-12 16:36:16.854226	2025-01-12 16:36:16.854226
104680	20928	8	alternative	2025-01-12 16:36:16.854226	2025-01-12 16:36:16.854226
104681	20929	11	mandatory	2025-01-12 16:36:16.859836	2025-01-12 16:36:16.859836
104682	20929	1	mandatory	2025-01-12 16:36:16.859836	2025-01-12 16:36:16.859836
104683	20929	7	mandatory	2025-01-12 16:36:16.859836	2025-01-12 16:36:16.859836
104684	20929	8	alternative	2025-01-12 16:36:16.859836	2025-01-12 16:36:16.859836
104685	20929	6	alternative	2025-01-12 16:36:16.859836	2025-01-12 16:36:16.859836
104686	20930	1	mandatory	2025-01-12 16:36:16.865321	2025-01-12 16:36:16.865321
104687	20930	2	mandatory	2025-01-12 16:36:16.865321	2025-01-12 16:36:16.865321
104688	20930	5	mandatory	2025-01-12 16:36:16.865321	2025-01-12 16:36:16.865321
104689	20930	3	alternative	2025-01-12 16:36:16.865321	2025-01-12 16:36:16.865321
104690	20930	4	alternative	2025-01-12 16:36:16.865321	2025-01-12 16:36:16.865321
104691	20931	8	mandatory	2025-01-12 16:36:16.870626	2025-01-12 16:36:16.870626
104692	20931	2	mandatory	2025-01-12 16:36:16.870626	2025-01-12 16:36:16.870626
104693	20931	5	mandatory	2025-01-12 16:36:16.870626	2025-01-12 16:36:16.870626
104694	20931	6	alternative	2025-01-12 16:36:16.870626	2025-01-12 16:36:16.870626
104695	20931	1	alternative	2025-01-12 16:36:16.870626	2025-01-12 16:36:16.870626
104696	20932	6	mandatory	2025-01-12 16:36:16.876963	2025-01-12 16:36:16.876963
104697	20932	8	mandatory	2025-01-12 16:36:16.876963	2025-01-12 16:36:16.876963
104698	20932	2	mandatory	2025-01-12 16:36:16.876963	2025-01-12 16:36:16.876963
104699	20932	7	alternative	2025-01-12 16:36:16.876963	2025-01-12 16:36:16.876963
104700	20932	3	alternative	2025-01-12 16:36:16.876963	2025-01-12 16:36:16.876963
104701	20933	7	mandatory	2025-01-12 16:36:16.882741	2025-01-12 16:36:16.882741
104702	20933	4	mandatory	2025-01-12 16:36:16.882741	2025-01-12 16:36:16.882741
104703	20933	3	mandatory	2025-01-12 16:36:16.882741	2025-01-12 16:36:16.882741
104704	20933	6	alternative	2025-01-12 16:36:16.882741	2025-01-12 16:36:16.882741
104705	20933	2	alternative	2025-01-12 16:36:16.882741	2025-01-12 16:36:16.882741
104706	20934	5	mandatory	2025-01-12 16:36:16.888084	2025-01-12 16:36:16.888084
104707	20934	4	mandatory	2025-01-12 16:36:16.888084	2025-01-12 16:36:16.888084
104708	20934	7	mandatory	2025-01-12 16:36:16.888084	2025-01-12 16:36:16.888084
104709	20934	3	alternative	2025-01-12 16:36:16.888084	2025-01-12 16:36:16.888084
104710	20934	2	alternative	2025-01-12 16:36:16.888084	2025-01-12 16:36:16.888084
104711	20935	2	mandatory	2025-01-12 16:36:16.89431	2025-01-12 16:36:16.89431
104712	20935	5	mandatory	2025-01-12 16:36:16.89431	2025-01-12 16:36:16.89431
104713	20935	1	mandatory	2025-01-12 16:36:16.89431	2025-01-12 16:36:16.89431
104714	20935	4	alternative	2025-01-12 16:36:16.89431	2025-01-12 16:36:16.89431
104715	20935	3	alternative	2025-01-12 16:36:16.89431	2025-01-12 16:36:16.89431
104716	20936	1	mandatory	2025-01-12 16:36:16.900363	2025-01-12 16:36:16.900363
104717	20936	6	mandatory	2025-01-12 16:36:16.900363	2025-01-12 16:36:16.900363
104718	20936	8	mandatory	2025-01-12 16:36:16.900363	2025-01-12 16:36:16.900363
104719	20936	7	alternative	2025-01-12 16:36:16.900363	2025-01-12 16:36:16.900363
104720	20936	2	alternative	2025-01-12 16:36:16.900363	2025-01-12 16:36:16.900363
104721	20937	5	mandatory	2025-01-12 16:36:16.906199	2025-01-12 16:36:16.906199
104722	20937	11	mandatory	2025-01-12 16:36:16.906199	2025-01-12 16:36:16.906199
104723	20937	3	mandatory	2025-01-12 16:36:16.906199	2025-01-12 16:36:16.906199
104724	20937	2	alternative	2025-01-12 16:36:16.906199	2025-01-12 16:36:16.906199
104725	20937	4	alternative	2025-01-12 16:36:16.906199	2025-01-12 16:36:16.906199
104726	20938	5	mandatory	2025-01-12 16:36:16.912179	2025-01-12 16:36:16.912179
104727	20938	2	mandatory	2025-01-12 16:36:16.912179	2025-01-12 16:36:16.912179
104728	20938	7	mandatory	2025-01-12 16:36:16.912179	2025-01-12 16:36:16.912179
104729	20938	8	alternative	2025-01-12 16:36:16.912179	2025-01-12 16:36:16.912179
104730	20938	1	alternative	2025-01-12 16:36:16.912179	2025-01-12 16:36:16.912179
104731	20939	1	mandatory	2025-01-12 16:36:16.91889	2025-01-12 16:36:16.91889
104732	20939	8	mandatory	2025-01-12 16:36:16.91889	2025-01-12 16:36:16.91889
104733	20939	5	mandatory	2025-01-12 16:36:16.91889	2025-01-12 16:36:16.91889
104734	20939	4	alternative	2025-01-12 16:36:16.91889	2025-01-12 16:36:16.91889
104735	20939	6	alternative	2025-01-12 16:36:16.91889	2025-01-12 16:36:16.91889
104736	20940	1	mandatory	2025-01-12 16:36:16.925265	2025-01-12 16:36:16.925265
104737	20940	6	mandatory	2025-01-12 16:36:16.925265	2025-01-12 16:36:16.925265
104738	20940	5	mandatory	2025-01-12 16:36:16.925265	2025-01-12 16:36:16.925265
104739	20940	8	alternative	2025-01-12 16:36:16.925265	2025-01-12 16:36:16.925265
104740	20940	11	alternative	2025-01-12 16:36:16.925265	2025-01-12 16:36:16.925265
104741	20941	7	mandatory	2025-01-12 16:36:16.932278	2025-01-12 16:36:16.932278
104742	20941	8	mandatory	2025-01-12 16:36:16.932278	2025-01-12 16:36:16.932278
104743	20941	1	mandatory	2025-01-12 16:36:16.932278	2025-01-12 16:36:16.932278
104744	20941	5	alternative	2025-01-12 16:36:16.932278	2025-01-12 16:36:16.932278
104745	20941	11	alternative	2025-01-12 16:36:16.932278	2025-01-12 16:36:16.932278
104746	20942	1	mandatory	2025-01-12 16:36:16.938931	2025-01-12 16:36:16.938931
104747	20942	4	mandatory	2025-01-12 16:36:16.938931	2025-01-12 16:36:16.938931
104748	20942	6	mandatory	2025-01-12 16:36:16.938931	2025-01-12 16:36:16.938931
104749	20942	3	alternative	2025-01-12 16:36:16.938931	2025-01-12 16:36:16.938931
104750	20942	8	alternative	2025-01-12 16:36:16.938931	2025-01-12 16:36:16.938931
104751	20943	7	mandatory	2025-01-12 16:36:16.945224	2025-01-12 16:36:16.945224
104752	20943	4	mandatory	2025-01-12 16:36:16.945224	2025-01-12 16:36:16.945224
104753	20943	1	mandatory	2025-01-12 16:36:16.945224	2025-01-12 16:36:16.945224
104754	20943	6	alternative	2025-01-12 16:36:16.945224	2025-01-12 16:36:16.945224
104755	20943	5	alternative	2025-01-12 16:36:16.945224	2025-01-12 16:36:16.945224
104756	20944	11	mandatory	2025-01-12 16:36:16.951512	2025-01-12 16:36:16.951512
104757	20944	8	mandatory	2025-01-12 16:36:16.951512	2025-01-12 16:36:16.951512
104758	20944	4	mandatory	2025-01-12 16:36:16.951512	2025-01-12 16:36:16.951512
104759	20944	3	alternative	2025-01-12 16:36:16.951512	2025-01-12 16:36:16.951512
104760	20944	5	alternative	2025-01-12 16:36:16.951512	2025-01-12 16:36:16.951512
104761	20945	8	mandatory	2025-01-12 16:36:16.957352	2025-01-12 16:36:16.957352
104762	20945	5	mandatory	2025-01-12 16:36:16.957352	2025-01-12 16:36:16.957352
104763	20945	6	mandatory	2025-01-12 16:36:16.957352	2025-01-12 16:36:16.957352
104764	20945	7	alternative	2025-01-12 16:36:16.957352	2025-01-12 16:36:16.957352
104765	20945	11	alternative	2025-01-12 16:36:16.957352	2025-01-12 16:36:16.957352
104766	20946	1	mandatory	2025-01-12 16:36:16.962564	2025-01-12 16:36:16.962564
104767	20946	6	mandatory	2025-01-12 16:36:16.962564	2025-01-12 16:36:16.962564
104768	20946	2	mandatory	2025-01-12 16:36:16.962564	2025-01-12 16:36:16.962564
104769	20946	11	alternative	2025-01-12 16:36:16.962564	2025-01-12 16:36:16.962564
104770	20946	5	alternative	2025-01-12 16:36:16.962564	2025-01-12 16:36:16.962564
104771	20947	1	mandatory	2025-01-12 16:36:16.968626	2025-01-12 16:36:16.968626
104772	20947	2	mandatory	2025-01-12 16:36:16.968626	2025-01-12 16:36:16.968626
104773	20947	8	mandatory	2025-01-12 16:36:16.968626	2025-01-12 16:36:16.968626
104774	20947	6	alternative	2025-01-12 16:36:16.968626	2025-01-12 16:36:16.968626
104775	20947	3	alternative	2025-01-12 16:36:16.968626	2025-01-12 16:36:16.968626
104776	20948	6	mandatory	2025-01-12 16:36:16.97422	2025-01-12 16:36:16.97422
104777	20948	8	mandatory	2025-01-12 16:36:16.97422	2025-01-12 16:36:16.97422
104778	20948	1	mandatory	2025-01-12 16:36:16.97422	2025-01-12 16:36:16.97422
104779	20948	11	alternative	2025-01-12 16:36:16.97422	2025-01-12 16:36:16.97422
104780	20948	2	alternative	2025-01-12 16:36:16.97422	2025-01-12 16:36:16.97422
104781	20949	3	mandatory	2025-01-12 16:36:16.979444	2025-01-12 16:36:16.979444
104782	20949	4	mandatory	2025-01-12 16:36:16.979444	2025-01-12 16:36:16.979444
104783	20949	2	mandatory	2025-01-12 16:36:16.979444	2025-01-12 16:36:16.979444
104784	20949	1	alternative	2025-01-12 16:36:16.979444	2025-01-12 16:36:16.979444
104785	20949	8	alternative	2025-01-12 16:36:16.979444	2025-01-12 16:36:16.979444
104786	20950	2	mandatory	2025-01-12 16:36:16.984759	2025-01-12 16:36:16.984759
104787	20950	8	mandatory	2025-01-12 16:36:16.984759	2025-01-12 16:36:16.984759
104788	20950	5	mandatory	2025-01-12 16:36:16.984759	2025-01-12 16:36:16.984759
104789	20950	11	alternative	2025-01-12 16:36:16.984759	2025-01-12 16:36:16.984759
104790	20950	7	alternative	2025-01-12 16:36:16.984759	2025-01-12 16:36:16.984759
104791	20951	2	mandatory	2025-01-12 16:36:16.98995	2025-01-12 16:36:16.98995
104792	20951	11	mandatory	2025-01-12 16:36:16.98995	2025-01-12 16:36:16.98995
104793	20951	8	mandatory	2025-01-12 16:36:16.98995	2025-01-12 16:36:16.98995
104794	20951	7	alternative	2025-01-12 16:36:16.98995	2025-01-12 16:36:16.98995
104795	20951	1	alternative	2025-01-12 16:36:16.98995	2025-01-12 16:36:16.98995
104796	20952	4	mandatory	2025-01-12 16:36:16.995545	2025-01-12 16:36:16.995545
104797	20952	8	mandatory	2025-01-12 16:36:16.995545	2025-01-12 16:36:16.995545
104798	20952	6	mandatory	2025-01-12 16:36:16.995545	2025-01-12 16:36:16.995545
104799	20952	1	alternative	2025-01-12 16:36:16.995545	2025-01-12 16:36:16.995545
104800	20952	5	alternative	2025-01-12 16:36:16.995545	2025-01-12 16:36:16.995545
104801	20953	1	mandatory	2025-01-12 16:36:17.001574	2025-01-12 16:36:17.001574
104802	20953	2	mandatory	2025-01-12 16:36:17.001574	2025-01-12 16:36:17.001574
104803	20953	7	mandatory	2025-01-12 16:36:17.001574	2025-01-12 16:36:17.001574
104804	20953	6	alternative	2025-01-12 16:36:17.001574	2025-01-12 16:36:17.001574
104805	20953	3	alternative	2025-01-12 16:36:17.001574	2025-01-12 16:36:17.001574
104806	20954	5	mandatory	2025-01-12 16:36:17.007722	2025-01-12 16:36:17.007722
104807	20954	2	mandatory	2025-01-12 16:36:17.007722	2025-01-12 16:36:17.007722
104808	20954	6	mandatory	2025-01-12 16:36:17.007722	2025-01-12 16:36:17.007722
104809	20954	1	alternative	2025-01-12 16:36:17.007722	2025-01-12 16:36:17.007722
104810	20954	11	alternative	2025-01-12 16:36:17.007722	2025-01-12 16:36:17.007722
104811	20955	7	mandatory	2025-01-12 16:36:17.012958	2025-01-12 16:36:17.012958
104812	20955	5	mandatory	2025-01-12 16:36:17.012958	2025-01-12 16:36:17.012958
104813	20955	6	mandatory	2025-01-12 16:36:17.012958	2025-01-12 16:36:17.012958
104814	20955	8	alternative	2025-01-12 16:36:17.012958	2025-01-12 16:36:17.012958
104815	20955	1	alternative	2025-01-12 16:36:17.012958	2025-01-12 16:36:17.012958
104816	20956	1	mandatory	2025-01-12 16:36:17.017988	2025-01-12 16:36:17.017988
104817	20956	7	mandatory	2025-01-12 16:36:17.017988	2025-01-12 16:36:17.017988
104818	20956	6	mandatory	2025-01-12 16:36:17.017988	2025-01-12 16:36:17.017988
104819	20956	2	alternative	2025-01-12 16:36:17.017988	2025-01-12 16:36:17.017988
104820	20956	5	alternative	2025-01-12 16:36:17.017988	2025-01-12 16:36:17.017988
104821	20957	5	mandatory	2025-01-12 16:36:17.021653	2025-01-12 16:36:17.021653
104822	20957	1	mandatory	2025-01-12 16:36:17.021653	2025-01-12 16:36:17.021653
104823	20957	8	mandatory	2025-01-12 16:36:17.021653	2025-01-12 16:36:17.021653
104824	20957	2	alternative	2025-01-12 16:36:17.021653	2025-01-12 16:36:17.021653
104825	20957	3	alternative	2025-01-12 16:36:17.021653	2025-01-12 16:36:17.021653
104826	20958	8	mandatory	2025-01-12 16:36:17.026497	2025-01-12 16:36:17.026497
104827	20958	1	mandatory	2025-01-12 16:36:17.026497	2025-01-12 16:36:17.026497
104828	20958	2	mandatory	2025-01-12 16:36:17.026497	2025-01-12 16:36:17.026497
104829	20958	11	alternative	2025-01-12 16:36:17.026497	2025-01-12 16:36:17.026497
104830	20958	7	alternative	2025-01-12 16:36:17.026497	2025-01-12 16:36:17.026497
104831	20959	1	mandatory	2025-01-12 16:36:17.03173	2025-01-12 16:36:17.03173
104832	20959	5	mandatory	2025-01-12 16:36:17.03173	2025-01-12 16:36:17.03173
104833	20959	4	mandatory	2025-01-12 16:36:17.03173	2025-01-12 16:36:17.03173
104834	20959	3	alternative	2025-01-12 16:36:17.03173	2025-01-12 16:36:17.03173
104835	20959	7	alternative	2025-01-12 16:36:17.03173	2025-01-12 16:36:17.03173
104836	20960	4	mandatory	2025-01-12 16:36:17.0366	2025-01-12 16:36:17.0366
104837	20960	8	mandatory	2025-01-12 16:36:17.0366	2025-01-12 16:36:17.0366
104838	20960	3	mandatory	2025-01-12 16:36:17.0366	2025-01-12 16:36:17.0366
104839	20960	5	alternative	2025-01-12 16:36:17.0366	2025-01-12 16:36:17.0366
104840	20960	6	alternative	2025-01-12 16:36:17.0366	2025-01-12 16:36:17.0366
104841	20961	7	mandatory	2025-01-12 16:36:17.042914	2025-01-12 16:36:17.042914
104842	20961	1	mandatory	2025-01-12 16:36:17.042914	2025-01-12 16:36:17.042914
104843	20961	8	mandatory	2025-01-12 16:36:17.042914	2025-01-12 16:36:17.042914
104844	20961	2	alternative	2025-01-12 16:36:17.042914	2025-01-12 16:36:17.042914
104845	20961	6	alternative	2025-01-12 16:36:17.042914	2025-01-12 16:36:17.042914
104846	20962	5	mandatory	2025-01-12 16:36:17.048791	2025-01-12 16:36:17.048791
104847	20962	6	mandatory	2025-01-12 16:36:17.048791	2025-01-12 16:36:17.048791
104848	20962	7	mandatory	2025-01-12 16:36:17.048791	2025-01-12 16:36:17.048791
104849	20962	11	alternative	2025-01-12 16:36:17.048791	2025-01-12 16:36:17.048791
104850	20962	1	alternative	2025-01-12 16:36:17.048791	2025-01-12 16:36:17.048791
104851	20963	4	mandatory	2025-01-12 16:36:17.054529	2025-01-12 16:36:17.054529
104852	20963	1	mandatory	2025-01-12 16:36:17.054529	2025-01-12 16:36:17.054529
104853	20963	8	mandatory	2025-01-12 16:36:17.054529	2025-01-12 16:36:17.054529
104854	20963	7	alternative	2025-01-12 16:36:17.054529	2025-01-12 16:36:17.054529
104855	20963	2	alternative	2025-01-12 16:36:17.054529	2025-01-12 16:36:17.054529
104856	20964	1	mandatory	2025-01-12 16:36:17.060444	2025-01-12 16:36:17.060444
104857	20964	8	mandatory	2025-01-12 16:36:17.060444	2025-01-12 16:36:17.060444
104858	20964	2	mandatory	2025-01-12 16:36:17.060444	2025-01-12 16:36:17.060444
104859	20964	11	alternative	2025-01-12 16:36:17.060444	2025-01-12 16:36:17.060444
104860	20964	4	alternative	2025-01-12 16:36:17.060444	2025-01-12 16:36:17.060444
104861	20965	6	mandatory	2025-01-12 16:36:17.066645	2025-01-12 16:36:17.066645
104862	20965	2	mandatory	2025-01-12 16:36:17.066645	2025-01-12 16:36:17.066645
104863	20965	3	mandatory	2025-01-12 16:36:17.066645	2025-01-12 16:36:17.066645
104864	20965	4	alternative	2025-01-12 16:36:17.066645	2025-01-12 16:36:17.066645
104865	20965	1	alternative	2025-01-12 16:36:17.066645	2025-01-12 16:36:17.066645
104866	20966	7	mandatory	2025-01-12 16:36:17.072867	2025-01-12 16:36:17.072867
104867	20966	3	mandatory	2025-01-12 16:36:17.072867	2025-01-12 16:36:17.072867
104868	20966	2	mandatory	2025-01-12 16:36:17.072867	2025-01-12 16:36:17.072867
104869	20966	8	alternative	2025-01-12 16:36:17.072867	2025-01-12 16:36:17.072867
104870	20966	11	alternative	2025-01-12 16:36:17.072867	2025-01-12 16:36:17.072867
104871	20967	2	mandatory	2025-01-12 16:36:17.078717	2025-01-12 16:36:17.078717
104872	20967	3	mandatory	2025-01-12 16:36:17.078717	2025-01-12 16:36:17.078717
104873	20967	7	mandatory	2025-01-12 16:36:17.078717	2025-01-12 16:36:17.078717
104874	20967	4	alternative	2025-01-12 16:36:17.078717	2025-01-12 16:36:17.078717
104875	20967	8	alternative	2025-01-12 16:36:17.078717	2025-01-12 16:36:17.078717
104876	20968	3	mandatory	2025-01-12 16:36:17.084365	2025-01-12 16:36:17.084365
104877	20968	4	mandatory	2025-01-12 16:36:17.084365	2025-01-12 16:36:17.084365
104878	20968	11	mandatory	2025-01-12 16:36:17.084365	2025-01-12 16:36:17.084365
104879	20968	8	alternative	2025-01-12 16:36:17.084365	2025-01-12 16:36:17.084365
104880	20968	6	alternative	2025-01-12 16:36:17.084365	2025-01-12 16:36:17.084365
104881	20969	11	mandatory	2025-01-12 16:36:17.090432	2025-01-12 16:36:17.090432
104882	20969	4	mandatory	2025-01-12 16:36:17.090432	2025-01-12 16:36:17.090432
104883	20969	3	mandatory	2025-01-12 16:36:17.090432	2025-01-12 16:36:17.090432
104884	20969	2	alternative	2025-01-12 16:36:17.090432	2025-01-12 16:36:17.090432
104885	20969	1	alternative	2025-01-12 16:36:17.090432	2025-01-12 16:36:17.090432
104886	20970	8	mandatory	2025-01-12 16:36:17.096851	2025-01-12 16:36:17.096851
104887	20970	7	mandatory	2025-01-12 16:36:17.096851	2025-01-12 16:36:17.096851
104888	20970	3	mandatory	2025-01-12 16:36:17.096851	2025-01-12 16:36:17.096851
104889	20970	4	alternative	2025-01-12 16:36:17.096851	2025-01-12 16:36:17.096851
104890	20970	6	alternative	2025-01-12 16:36:17.096851	2025-01-12 16:36:17.096851
104891	20971	7	mandatory	2025-01-12 16:36:17.101669	2025-01-12 16:36:17.101669
104892	20971	3	mandatory	2025-01-12 16:36:17.101669	2025-01-12 16:36:17.101669
104893	20971	4	mandatory	2025-01-12 16:36:17.101669	2025-01-12 16:36:17.101669
104894	20971	6	alternative	2025-01-12 16:36:17.101669	2025-01-12 16:36:17.101669
104895	20971	1	alternative	2025-01-12 16:36:17.101669	2025-01-12 16:36:17.101669
104896	20972	4	mandatory	2025-01-12 16:36:17.107367	2025-01-12 16:36:17.107367
104897	20972	7	mandatory	2025-01-12 16:36:17.107367	2025-01-12 16:36:17.107367
104898	20972	3	mandatory	2025-01-12 16:36:17.107367	2025-01-12 16:36:17.107367
104899	20972	1	alternative	2025-01-12 16:36:17.107367	2025-01-12 16:36:17.107367
104900	20972	2	alternative	2025-01-12 16:36:17.107367	2025-01-12 16:36:17.107367
104901	20973	6	mandatory	2025-01-12 16:36:17.111988	2025-01-12 16:36:17.111988
104902	20973	4	mandatory	2025-01-12 16:36:17.111988	2025-01-12 16:36:17.111988
104903	20973	8	mandatory	2025-01-12 16:36:17.111988	2025-01-12 16:36:17.111988
104904	20973	11	alternative	2025-01-12 16:36:17.111988	2025-01-12 16:36:17.111988
104905	20973	1	alternative	2025-01-12 16:36:17.111988	2025-01-12 16:36:17.111988
104906	20974	3	mandatory	2025-01-12 16:36:17.116721	2025-01-12 16:36:17.116721
104907	20974	6	mandatory	2025-01-12 16:36:17.116721	2025-01-12 16:36:17.116721
104908	20974	8	mandatory	2025-01-12 16:36:17.116721	2025-01-12 16:36:17.116721
104909	20974	2	alternative	2025-01-12 16:36:17.116721	2025-01-12 16:36:17.116721
104910	20974	1	alternative	2025-01-12 16:36:17.116721	2025-01-12 16:36:17.116721
104911	20975	2	mandatory	2025-01-12 16:36:17.122317	2025-01-12 16:36:17.122317
104912	20975	7	mandatory	2025-01-12 16:36:17.122317	2025-01-12 16:36:17.122317
104913	20975	1	mandatory	2025-01-12 16:36:17.122317	2025-01-12 16:36:17.122317
104914	20975	8	alternative	2025-01-12 16:36:17.122317	2025-01-12 16:36:17.122317
104915	20975	6	alternative	2025-01-12 16:36:17.122317	2025-01-12 16:36:17.122317
104916	20976	11	mandatory	2025-01-12 16:36:17.127916	2025-01-12 16:36:17.127916
104917	20976	3	mandatory	2025-01-12 16:36:17.127916	2025-01-12 16:36:17.127916
104918	20976	6	mandatory	2025-01-12 16:36:17.127916	2025-01-12 16:36:17.127916
104919	20976	2	alternative	2025-01-12 16:36:17.127916	2025-01-12 16:36:17.127916
104920	20976	7	alternative	2025-01-12 16:36:17.127916	2025-01-12 16:36:17.127916
104921	20977	1	mandatory	2025-01-12 16:36:17.133668	2025-01-12 16:36:17.133668
104922	20977	4	mandatory	2025-01-12 16:36:17.133668	2025-01-12 16:36:17.133668
104923	20977	11	mandatory	2025-01-12 16:36:17.133668	2025-01-12 16:36:17.133668
104924	20977	8	alternative	2025-01-12 16:36:17.133668	2025-01-12 16:36:17.133668
104925	20977	6	alternative	2025-01-12 16:36:17.133668	2025-01-12 16:36:17.133668
104926	20978	8	mandatory	2025-01-12 16:36:17.139595	2025-01-12 16:36:17.139595
104927	20978	5	mandatory	2025-01-12 16:36:17.139595	2025-01-12 16:36:17.139595
104928	20978	1	mandatory	2025-01-12 16:36:17.139595	2025-01-12 16:36:17.139595
104929	20978	2	alternative	2025-01-12 16:36:17.139595	2025-01-12 16:36:17.139595
104930	20978	4	alternative	2025-01-12 16:36:17.139595	2025-01-12 16:36:17.139595
104931	20979	8	mandatory	2025-01-12 16:36:17.145179	2025-01-12 16:36:17.145179
104932	20979	4	mandatory	2025-01-12 16:36:17.145179	2025-01-12 16:36:17.145179
104933	20979	2	mandatory	2025-01-12 16:36:17.145179	2025-01-12 16:36:17.145179
104934	20979	6	alternative	2025-01-12 16:36:17.145179	2025-01-12 16:36:17.145179
104935	20979	1	alternative	2025-01-12 16:36:17.145179	2025-01-12 16:36:17.145179
104936	20980	5	mandatory	2025-01-12 16:36:17.150583	2025-01-12 16:36:17.150583
104937	20980	1	mandatory	2025-01-12 16:36:17.150583	2025-01-12 16:36:17.150583
104938	20980	3	mandatory	2025-01-12 16:36:17.150583	2025-01-12 16:36:17.150583
104939	20980	4	alternative	2025-01-12 16:36:17.150583	2025-01-12 16:36:17.150583
104940	20980	8	alternative	2025-01-12 16:36:17.150583	2025-01-12 16:36:17.150583
104941	20981	2	mandatory	2025-01-12 16:36:17.155795	2025-01-12 16:36:17.155795
104942	20981	1	mandatory	2025-01-12 16:36:17.155795	2025-01-12 16:36:17.155795
104943	20981	4	mandatory	2025-01-12 16:36:17.155795	2025-01-12 16:36:17.155795
104944	20981	8	alternative	2025-01-12 16:36:17.155795	2025-01-12 16:36:17.155795
104945	20981	3	alternative	2025-01-12 16:36:17.155795	2025-01-12 16:36:17.155795
104946	20982	3	mandatory	2025-01-12 16:36:17.161182	2025-01-12 16:36:17.161182
104947	20982	1	mandatory	2025-01-12 16:36:17.161182	2025-01-12 16:36:17.161182
104948	20982	8	mandatory	2025-01-12 16:36:17.161182	2025-01-12 16:36:17.161182
104949	20982	4	alternative	2025-01-12 16:36:17.161182	2025-01-12 16:36:17.161182
104950	20982	6	alternative	2025-01-12 16:36:17.161182	2025-01-12 16:36:17.161182
104951	20983	11	mandatory	2025-01-12 16:36:17.166221	2025-01-12 16:36:17.166221
104952	20983	3	mandatory	2025-01-12 16:36:17.166221	2025-01-12 16:36:17.166221
104953	20983	4	mandatory	2025-01-12 16:36:17.166221	2025-01-12 16:36:17.166221
104954	20983	2	alternative	2025-01-12 16:36:17.166221	2025-01-12 16:36:17.166221
104955	20983	1	alternative	2025-01-12 16:36:17.166221	2025-01-12 16:36:17.166221
104956	20984	2	mandatory	2025-01-12 16:36:17.171976	2025-01-12 16:36:17.171976
104957	20984	4	mandatory	2025-01-12 16:36:17.171976	2025-01-12 16:36:17.171976
104958	20984	5	mandatory	2025-01-12 16:36:17.171976	2025-01-12 16:36:17.171976
104959	20984	7	alternative	2025-01-12 16:36:17.171976	2025-01-12 16:36:17.171976
104960	20984	11	alternative	2025-01-12 16:36:17.171976	2025-01-12 16:36:17.171976
104961	20985	1	mandatory	2025-01-12 16:36:17.177623	2025-01-12 16:36:17.177623
104962	20985	7	mandatory	2025-01-12 16:36:17.177623	2025-01-12 16:36:17.177623
104963	20985	4	mandatory	2025-01-12 16:36:17.177623	2025-01-12 16:36:17.177623
104964	20985	2	alternative	2025-01-12 16:36:17.177623	2025-01-12 16:36:17.177623
104965	20985	3	alternative	2025-01-12 16:36:17.177623	2025-01-12 16:36:17.177623
104966	20986	1	mandatory	2025-01-12 16:36:17.182923	2025-01-12 16:36:17.182923
104967	20986	2	mandatory	2025-01-12 16:36:17.182923	2025-01-12 16:36:17.182923
104968	20986	7	mandatory	2025-01-12 16:36:17.182923	2025-01-12 16:36:17.182923
104969	20986	6	alternative	2025-01-12 16:36:17.182923	2025-01-12 16:36:17.182923
104970	20986	11	alternative	2025-01-12 16:36:17.182923	2025-01-12 16:36:17.182923
104971	20987	7	mandatory	2025-01-12 16:36:17.189636	2025-01-12 16:36:17.189636
104972	20987	11	mandatory	2025-01-12 16:36:17.189636	2025-01-12 16:36:17.189636
104973	20987	4	mandatory	2025-01-12 16:36:17.189636	2025-01-12 16:36:17.189636
104974	20987	3	alternative	2025-01-12 16:36:17.189636	2025-01-12 16:36:17.189636
104975	20987	1	alternative	2025-01-12 16:36:17.189636	2025-01-12 16:36:17.189636
104976	20988	6	mandatory	2025-01-12 16:36:17.195586	2025-01-12 16:36:17.195586
104977	20988	8	mandatory	2025-01-12 16:36:17.195586	2025-01-12 16:36:17.195586
104978	20988	11	mandatory	2025-01-12 16:36:17.195586	2025-01-12 16:36:17.195586
104979	20988	1	alternative	2025-01-12 16:36:17.195586	2025-01-12 16:36:17.195586
104980	20988	2	alternative	2025-01-12 16:36:17.195586	2025-01-12 16:36:17.195586
104981	20989	8	mandatory	2025-01-12 16:36:17.202017	2025-01-12 16:36:17.202017
104982	20989	4	mandatory	2025-01-12 16:36:17.202017	2025-01-12 16:36:17.202017
104983	20989	1	mandatory	2025-01-12 16:36:17.202017	2025-01-12 16:36:17.202017
104984	20989	2	alternative	2025-01-12 16:36:17.202017	2025-01-12 16:36:17.202017
104985	20989	5	alternative	2025-01-12 16:36:17.202017	2025-01-12 16:36:17.202017
104986	20990	1	mandatory	2025-01-12 16:36:17.208027	2025-01-12 16:36:17.208027
104987	20990	2	mandatory	2025-01-12 16:36:17.208027	2025-01-12 16:36:17.208027
104988	20990	8	mandatory	2025-01-12 16:36:17.208027	2025-01-12 16:36:17.208027
104989	20990	7	alternative	2025-01-12 16:36:17.208027	2025-01-12 16:36:17.208027
104990	20990	6	alternative	2025-01-12 16:36:17.208027	2025-01-12 16:36:17.208027
104991	20991	11	mandatory	2025-01-12 16:36:17.214193	2025-01-12 16:36:17.214193
104992	20991	3	mandatory	2025-01-12 16:36:17.214193	2025-01-12 16:36:17.214193
104993	20991	6	mandatory	2025-01-12 16:36:17.214193	2025-01-12 16:36:17.214193
104994	20991	5	alternative	2025-01-12 16:36:17.214193	2025-01-12 16:36:17.214193
104995	20991	2	alternative	2025-01-12 16:36:17.214193	2025-01-12 16:36:17.214193
104996	20992	7	mandatory	2025-01-12 16:36:17.219696	2025-01-12 16:36:17.219696
104997	20992	8	mandatory	2025-01-12 16:36:17.219696	2025-01-12 16:36:17.219696
104998	20992	3	mandatory	2025-01-12 16:36:17.219696	2025-01-12 16:36:17.219696
104999	20992	2	alternative	2025-01-12 16:36:17.219696	2025-01-12 16:36:17.219696
105000	20992	1	alternative	2025-01-12 16:36:17.219696	2025-01-12 16:36:17.219696
105001	20993	7	mandatory	2025-01-12 16:36:17.224572	2025-01-12 16:36:17.224572
105002	20993	3	mandatory	2025-01-12 16:36:17.224572	2025-01-12 16:36:17.224572
105003	20993	2	mandatory	2025-01-12 16:36:17.224572	2025-01-12 16:36:17.224572
105004	20993	8	alternative	2025-01-12 16:36:17.224572	2025-01-12 16:36:17.224572
105005	20993	6	alternative	2025-01-12 16:36:17.224572	2025-01-12 16:36:17.224572
105006	20994	2	mandatory	2025-01-12 16:36:17.229984	2025-01-12 16:36:17.229984
105007	20994	5	mandatory	2025-01-12 16:36:17.229984	2025-01-12 16:36:17.229984
105008	20994	1	mandatory	2025-01-12 16:36:17.229984	2025-01-12 16:36:17.229984
105009	20994	6	alternative	2025-01-12 16:36:17.229984	2025-01-12 16:36:17.229984
105010	20994	11	alternative	2025-01-12 16:36:17.229984	2025-01-12 16:36:17.229984
105011	20995	1	mandatory	2025-01-12 16:36:17.235271	2025-01-12 16:36:17.235271
105012	20995	2	mandatory	2025-01-12 16:36:17.235271	2025-01-12 16:36:17.235271
105013	20995	3	mandatory	2025-01-12 16:36:17.235271	2025-01-12 16:36:17.235271
105014	20995	4	alternative	2025-01-12 16:36:17.235271	2025-01-12 16:36:17.235271
105015	20995	5	alternative	2025-01-12 16:36:17.235271	2025-01-12 16:36:17.235271
105016	20996	1	mandatory	2025-01-12 16:36:17.241353	2025-01-12 16:36:17.241353
105017	20996	8	mandatory	2025-01-12 16:36:17.241353	2025-01-12 16:36:17.241353
105018	20996	6	mandatory	2025-01-12 16:36:17.241353	2025-01-12 16:36:17.241353
105019	20996	2	alternative	2025-01-12 16:36:17.241353	2025-01-12 16:36:17.241353
105020	20996	11	alternative	2025-01-12 16:36:17.241353	2025-01-12 16:36:17.241353
105021	20997	6	mandatory	2025-01-12 16:36:17.247824	2025-01-12 16:36:17.247824
105022	20997	4	mandatory	2025-01-12 16:36:17.247824	2025-01-12 16:36:17.247824
105023	20997	7	mandatory	2025-01-12 16:36:17.247824	2025-01-12 16:36:17.247824
105024	20997	3	alternative	2025-01-12 16:36:17.247824	2025-01-12 16:36:17.247824
105025	20997	8	alternative	2025-01-12 16:36:17.247824	2025-01-12 16:36:17.247824
105026	20998	1	mandatory	2025-01-12 16:36:17.253746	2025-01-12 16:36:17.253746
105027	20998	2	mandatory	2025-01-12 16:36:17.253746	2025-01-12 16:36:17.253746
105028	20998	3	mandatory	2025-01-12 16:36:17.253746	2025-01-12 16:36:17.253746
105029	20998	6	alternative	2025-01-12 16:36:17.253746	2025-01-12 16:36:17.253746
105030	20998	8	alternative	2025-01-12 16:36:17.253746	2025-01-12 16:36:17.253746
105031	20999	1	mandatory	2025-01-12 16:36:17.259805	2025-01-12 16:36:17.259805
105032	20999	5	mandatory	2025-01-12 16:36:17.259805	2025-01-12 16:36:17.259805
105033	20999	2	mandatory	2025-01-12 16:36:17.259805	2025-01-12 16:36:17.259805
105034	20999	8	alternative	2025-01-12 16:36:17.259805	2025-01-12 16:36:17.259805
105035	20999	7	alternative	2025-01-12 16:36:17.259805	2025-01-12 16:36:17.259805
105036	21000	2	mandatory	2025-01-12 16:36:17.266118	2025-01-12 16:36:17.266118
105037	21000	11	mandatory	2025-01-12 16:36:17.266118	2025-01-12 16:36:17.266118
105038	21000	1	mandatory	2025-01-12 16:36:17.266118	2025-01-12 16:36:17.266118
105039	21000	4	alternative	2025-01-12 16:36:17.266118	2025-01-12 16:36:17.266118
105040	21000	3	alternative	2025-01-12 16:36:17.266118	2025-01-12 16:36:17.266118
105041	21001	2	mandatory	2025-01-12 16:36:17.271319	2025-01-12 16:36:17.271319
105042	21001	7	mandatory	2025-01-12 16:36:17.271319	2025-01-12 16:36:17.271319
105043	21001	5	mandatory	2025-01-12 16:36:17.271319	2025-01-12 16:36:17.271319
105044	21001	6	alternative	2025-01-12 16:36:17.271319	2025-01-12 16:36:17.271319
105045	21001	8	alternative	2025-01-12 16:36:17.271319	2025-01-12 16:36:17.271319
105046	21002	5	mandatory	2025-01-12 16:36:17.275994	2025-01-12 16:36:17.275994
105047	21002	4	mandatory	2025-01-12 16:36:17.275994	2025-01-12 16:36:17.275994
105048	21002	3	mandatory	2025-01-12 16:36:17.275994	2025-01-12 16:36:17.275994
105049	21002	6	alternative	2025-01-12 16:36:17.275994	2025-01-12 16:36:17.275994
105050	21002	8	alternative	2025-01-12 16:36:17.275994	2025-01-12 16:36:17.275994
105051	21003	1	mandatory	2025-01-12 16:36:17.280274	2025-01-12 16:36:17.280274
105052	21003	2	mandatory	2025-01-12 16:36:17.280274	2025-01-12 16:36:17.280274
105053	21003	6	mandatory	2025-01-12 16:36:17.280274	2025-01-12 16:36:17.280274
105054	21003	4	alternative	2025-01-12 16:36:17.280274	2025-01-12 16:36:17.280274
105055	21003	11	alternative	2025-01-12 16:36:17.280274	2025-01-12 16:36:17.280274
105056	21004	6	mandatory	2025-01-12 16:36:17.28425	2025-01-12 16:36:17.28425
105057	21004	8	mandatory	2025-01-12 16:36:17.28425	2025-01-12 16:36:17.28425
105058	21004	2	mandatory	2025-01-12 16:36:17.28425	2025-01-12 16:36:17.28425
105059	21004	11	alternative	2025-01-12 16:36:17.28425	2025-01-12 16:36:17.28425
105060	21004	4	alternative	2025-01-12 16:36:17.28425	2025-01-12 16:36:17.28425
105061	21005	11	mandatory	2025-01-12 16:36:17.288144	2025-01-12 16:36:17.288144
105062	21005	5	mandatory	2025-01-12 16:36:17.288144	2025-01-12 16:36:17.288144
105063	21005	4	mandatory	2025-01-12 16:36:17.288144	2025-01-12 16:36:17.288144
105064	21005	8	alternative	2025-01-12 16:36:17.288144	2025-01-12 16:36:17.288144
105065	21005	1	alternative	2025-01-12 16:36:17.288144	2025-01-12 16:36:17.288144
105066	21006	3	mandatory	2025-01-12 16:36:17.293651	2025-01-12 16:36:17.293651
105067	21006	7	mandatory	2025-01-12 16:36:17.293651	2025-01-12 16:36:17.293651
105068	21006	4	mandatory	2025-01-12 16:36:17.293651	2025-01-12 16:36:17.293651
105069	21006	1	alternative	2025-01-12 16:36:17.293651	2025-01-12 16:36:17.293651
105070	21006	6	alternative	2025-01-12 16:36:17.293651	2025-01-12 16:36:17.293651
105071	21007	4	mandatory	2025-01-12 16:36:17.299252	2025-01-12 16:36:17.299252
105072	21007	6	mandatory	2025-01-12 16:36:17.299252	2025-01-12 16:36:17.299252
105073	21007	3	mandatory	2025-01-12 16:36:17.299252	2025-01-12 16:36:17.299252
105074	21007	2	alternative	2025-01-12 16:36:17.299252	2025-01-12 16:36:17.299252
105075	21007	5	alternative	2025-01-12 16:36:17.299252	2025-01-12 16:36:17.299252
105076	21008	6	mandatory	2025-01-12 16:36:17.304403	2025-01-12 16:36:17.304403
105077	21008	3	mandatory	2025-01-12 16:36:17.304403	2025-01-12 16:36:17.304403
105078	21008	2	mandatory	2025-01-12 16:36:17.304403	2025-01-12 16:36:17.304403
105079	21008	1	alternative	2025-01-12 16:36:17.304403	2025-01-12 16:36:17.304403
105080	21008	4	alternative	2025-01-12 16:36:17.304403	2025-01-12 16:36:17.304403
105081	21009	4	mandatory	2025-01-12 16:36:17.30888	2025-01-12 16:36:17.30888
105082	21009	3	mandatory	2025-01-12 16:36:17.30888	2025-01-12 16:36:17.30888
105083	21009	11	mandatory	2025-01-12 16:36:17.30888	2025-01-12 16:36:17.30888
105084	21009	6	alternative	2025-01-12 16:36:17.30888	2025-01-12 16:36:17.30888
105085	21009	5	alternative	2025-01-12 16:36:17.30888	2025-01-12 16:36:17.30888
105086	21010	3	mandatory	2025-01-12 16:36:17.314376	2025-01-12 16:36:17.314376
105087	21010	8	mandatory	2025-01-12 16:36:17.314376	2025-01-12 16:36:17.314376
105088	21010	1	mandatory	2025-01-12 16:36:17.314376	2025-01-12 16:36:17.314376
105089	21010	6	alternative	2025-01-12 16:36:17.314376	2025-01-12 16:36:17.314376
105090	21010	4	alternative	2025-01-12 16:36:17.314376	2025-01-12 16:36:17.314376
105091	21011	8	mandatory	2025-01-12 16:36:17.319845	2025-01-12 16:36:17.319845
105092	21011	1	mandatory	2025-01-12 16:36:17.319845	2025-01-12 16:36:17.319845
105093	21011	3	mandatory	2025-01-12 16:36:17.319845	2025-01-12 16:36:17.319845
105094	21011	5	alternative	2025-01-12 16:36:17.319845	2025-01-12 16:36:17.319845
105095	21011	2	alternative	2025-01-12 16:36:17.319845	2025-01-12 16:36:17.319845
105096	21012	7	mandatory	2025-01-12 16:36:17.324512	2025-01-12 16:36:17.324512
105097	21012	3	mandatory	2025-01-12 16:36:17.324512	2025-01-12 16:36:17.324512
105098	21012	4	mandatory	2025-01-12 16:36:17.324512	2025-01-12 16:36:17.324512
105099	21012	2	alternative	2025-01-12 16:36:17.324512	2025-01-12 16:36:17.324512
105100	21012	1	alternative	2025-01-12 16:36:17.324512	2025-01-12 16:36:17.324512
105101	21013	8	mandatory	2025-01-12 16:36:17.32936	2025-01-12 16:36:17.32936
105102	21013	4	mandatory	2025-01-12 16:36:17.32936	2025-01-12 16:36:17.32936
105103	21013	7	mandatory	2025-01-12 16:36:17.32936	2025-01-12 16:36:17.32936
105104	21013	11	alternative	2025-01-12 16:36:17.32936	2025-01-12 16:36:17.32936
105105	21013	6	alternative	2025-01-12 16:36:17.32936	2025-01-12 16:36:17.32936
105106	21014	1	mandatory	2025-01-12 16:36:17.334043	2025-01-12 16:36:17.334043
105107	21014	5	mandatory	2025-01-12 16:36:17.334043	2025-01-12 16:36:17.334043
105108	21014	2	mandatory	2025-01-12 16:36:17.334043	2025-01-12 16:36:17.334043
105109	21014	3	alternative	2025-01-12 16:36:17.334043	2025-01-12 16:36:17.334043
105110	21014	7	alternative	2025-01-12 16:36:17.334043	2025-01-12 16:36:17.334043
105111	21015	7	mandatory	2025-01-12 16:36:17.339161	2025-01-12 16:36:17.339161
105112	21015	6	mandatory	2025-01-12 16:36:17.339161	2025-01-12 16:36:17.339161
105113	21015	4	mandatory	2025-01-12 16:36:17.339161	2025-01-12 16:36:17.339161
105114	21015	8	alternative	2025-01-12 16:36:17.339161	2025-01-12 16:36:17.339161
105115	21015	1	alternative	2025-01-12 16:36:17.339161	2025-01-12 16:36:17.339161
105116	21016	1	mandatory	2025-01-12 16:36:17.344661	2025-01-12 16:36:17.344661
105117	21016	2	mandatory	2025-01-12 16:36:17.344661	2025-01-12 16:36:17.344661
105118	21016	11	mandatory	2025-01-12 16:36:17.344661	2025-01-12 16:36:17.344661
105119	21016	6	alternative	2025-01-12 16:36:17.344661	2025-01-12 16:36:17.344661
105120	21016	4	alternative	2025-01-12 16:36:17.344661	2025-01-12 16:36:17.344661
105121	21017	3	mandatory	2025-01-12 16:36:17.35099	2025-01-12 16:36:17.35099
105122	21017	2	mandatory	2025-01-12 16:36:17.35099	2025-01-12 16:36:17.35099
105123	21017	8	mandatory	2025-01-12 16:36:17.35099	2025-01-12 16:36:17.35099
105124	21017	1	alternative	2025-01-12 16:36:17.35099	2025-01-12 16:36:17.35099
105125	21017	11	alternative	2025-01-12 16:36:17.35099	2025-01-12 16:36:17.35099
105126	21018	3	mandatory	2025-01-12 16:36:17.356492	2025-01-12 16:36:17.356492
105127	21018	1	mandatory	2025-01-12 16:36:17.356492	2025-01-12 16:36:17.356492
105128	21018	5	mandatory	2025-01-12 16:36:17.356492	2025-01-12 16:36:17.356492
105129	21018	7	alternative	2025-01-12 16:36:17.356492	2025-01-12 16:36:17.356492
105130	21018	2	alternative	2025-01-12 16:36:17.356492	2025-01-12 16:36:17.356492
105131	21019	1	mandatory	2025-01-12 16:36:17.362414	2025-01-12 16:36:17.362414
105132	21019	11	mandatory	2025-01-12 16:36:17.362414	2025-01-12 16:36:17.362414
105133	21019	8	mandatory	2025-01-12 16:36:17.362414	2025-01-12 16:36:17.362414
105134	21019	2	alternative	2025-01-12 16:36:17.362414	2025-01-12 16:36:17.362414
105135	21019	5	alternative	2025-01-12 16:36:17.362414	2025-01-12 16:36:17.362414
105136	21020	7	mandatory	2025-01-12 16:36:17.367408	2025-01-12 16:36:17.367408
105137	21020	4	mandatory	2025-01-12 16:36:17.367408	2025-01-12 16:36:17.367408
105138	21020	2	mandatory	2025-01-12 16:36:17.367408	2025-01-12 16:36:17.367408
105139	21020	8	alternative	2025-01-12 16:36:17.367408	2025-01-12 16:36:17.367408
105140	21020	5	alternative	2025-01-12 16:36:17.367408	2025-01-12 16:36:17.367408
105141	21021	7	mandatory	2025-01-12 16:36:17.372351	2025-01-12 16:36:17.372351
105142	21021	8	mandatory	2025-01-12 16:36:17.372351	2025-01-12 16:36:17.372351
105143	21021	1	mandatory	2025-01-12 16:36:17.372351	2025-01-12 16:36:17.372351
105144	21021	11	alternative	2025-01-12 16:36:17.372351	2025-01-12 16:36:17.372351
105145	21021	5	alternative	2025-01-12 16:36:17.372351	2025-01-12 16:36:17.372351
105146	21022	7	mandatory	2025-01-12 16:36:17.377684	2025-01-12 16:36:17.377684
105147	21022	1	mandatory	2025-01-12 16:36:17.377684	2025-01-12 16:36:17.377684
105148	21022	2	mandatory	2025-01-12 16:36:17.377684	2025-01-12 16:36:17.377684
105149	21022	4	alternative	2025-01-12 16:36:17.377684	2025-01-12 16:36:17.377684
105150	21022	5	alternative	2025-01-12 16:36:17.377684	2025-01-12 16:36:17.377684
105151	21023	8	mandatory	2025-01-12 16:36:17.381995	2025-01-12 16:36:17.381995
105152	21023	6	mandatory	2025-01-12 16:36:17.381995	2025-01-12 16:36:17.381995
105153	21023	3	mandatory	2025-01-12 16:36:17.381995	2025-01-12 16:36:17.381995
105154	21023	11	alternative	2025-01-12 16:36:17.381995	2025-01-12 16:36:17.381995
105155	21023	1	alternative	2025-01-12 16:36:17.381995	2025-01-12 16:36:17.381995
105156	21024	2	mandatory	2025-01-12 16:36:17.385948	2025-01-12 16:36:17.385948
105157	21024	5	mandatory	2025-01-12 16:36:17.385948	2025-01-12 16:36:17.385948
105158	21024	7	mandatory	2025-01-12 16:36:17.385948	2025-01-12 16:36:17.385948
105159	21024	6	alternative	2025-01-12 16:36:17.385948	2025-01-12 16:36:17.385948
105160	21024	8	alternative	2025-01-12 16:36:17.385948	2025-01-12 16:36:17.385948
105161	21025	1	mandatory	2025-01-12 16:36:17.390473	2025-01-12 16:36:17.390473
105162	21025	2	mandatory	2025-01-12 16:36:17.390473	2025-01-12 16:36:17.390473
105163	21025	7	mandatory	2025-01-12 16:36:17.390473	2025-01-12 16:36:17.390473
105164	21025	8	alternative	2025-01-12 16:36:17.390473	2025-01-12 16:36:17.390473
105165	21025	6	alternative	2025-01-12 16:36:17.390473	2025-01-12 16:36:17.390473
105166	21026	7	mandatory	2025-01-12 16:36:17.394782	2025-01-12 16:36:17.394782
105167	21026	8	mandatory	2025-01-12 16:36:17.394782	2025-01-12 16:36:17.394782
105168	21026	2	mandatory	2025-01-12 16:36:17.394782	2025-01-12 16:36:17.394782
105169	21026	1	alternative	2025-01-12 16:36:17.394782	2025-01-12 16:36:17.394782
105170	21026	3	alternative	2025-01-12 16:36:17.394782	2025-01-12 16:36:17.394782
105171	21027	1	mandatory	2025-01-12 16:36:17.399425	2025-01-12 16:36:17.399425
105172	21027	6	mandatory	2025-01-12 16:36:17.399425	2025-01-12 16:36:17.399425
105173	21027	2	mandatory	2025-01-12 16:36:17.399425	2025-01-12 16:36:17.399425
105174	21027	11	alternative	2025-01-12 16:36:17.399425	2025-01-12 16:36:17.399425
105175	21027	3	alternative	2025-01-12 16:36:17.399425	2025-01-12 16:36:17.399425
105176	21028	2	mandatory	2025-01-12 16:36:17.405337	2025-01-12 16:36:17.405337
105177	21028	11	mandatory	2025-01-12 16:36:17.405337	2025-01-12 16:36:17.405337
105178	21028	4	mandatory	2025-01-12 16:36:17.405337	2025-01-12 16:36:17.405337
105179	21028	5	alternative	2025-01-12 16:36:17.405337	2025-01-12 16:36:17.405337
105180	21028	8	alternative	2025-01-12 16:36:17.405337	2025-01-12 16:36:17.405337
105181	21029	5	mandatory	2025-01-12 16:36:17.410156	2025-01-12 16:36:17.410156
105182	21029	4	mandatory	2025-01-12 16:36:17.410156	2025-01-12 16:36:17.410156
105183	21029	7	mandatory	2025-01-12 16:36:17.410156	2025-01-12 16:36:17.410156
105184	21029	8	alternative	2025-01-12 16:36:17.410156	2025-01-12 16:36:17.410156
105185	21029	3	alternative	2025-01-12 16:36:17.410156	2025-01-12 16:36:17.410156
105186	21030	3	mandatory	2025-01-12 16:36:17.4152	2025-01-12 16:36:17.4152
105187	21030	11	mandatory	2025-01-12 16:36:17.4152	2025-01-12 16:36:17.4152
105188	21030	7	mandatory	2025-01-12 16:36:17.4152	2025-01-12 16:36:17.4152
105189	21030	2	alternative	2025-01-12 16:36:17.4152	2025-01-12 16:36:17.4152
105190	21030	8	alternative	2025-01-12 16:36:17.4152	2025-01-12 16:36:17.4152
105191	21031	4	mandatory	2025-01-12 16:36:17.420807	2025-01-12 16:36:17.420807
105192	21031	3	mandatory	2025-01-12 16:36:17.420807	2025-01-12 16:36:17.420807
105193	21031	6	mandatory	2025-01-12 16:36:17.420807	2025-01-12 16:36:17.420807
105194	21031	7	alternative	2025-01-12 16:36:17.420807	2025-01-12 16:36:17.420807
105195	21031	2	alternative	2025-01-12 16:36:17.420807	2025-01-12 16:36:17.420807
105196	21032	1	mandatory	2025-01-12 16:36:17.425504	2025-01-12 16:36:17.425504
105197	21032	5	mandatory	2025-01-12 16:36:17.425504	2025-01-12 16:36:17.425504
105198	21032	7	mandatory	2025-01-12 16:36:17.425504	2025-01-12 16:36:17.425504
105199	21032	11	alternative	2025-01-12 16:36:17.425504	2025-01-12 16:36:17.425504
105200	21032	6	alternative	2025-01-12 16:36:17.425504	2025-01-12 16:36:17.425504
105201	21033	7	mandatory	2025-01-12 16:36:17.429413	2025-01-12 16:36:17.429413
105202	21033	3	mandatory	2025-01-12 16:36:17.429413	2025-01-12 16:36:17.429413
105203	21033	5	mandatory	2025-01-12 16:36:17.429413	2025-01-12 16:36:17.429413
105204	21033	8	alternative	2025-01-12 16:36:17.429413	2025-01-12 16:36:17.429413
105205	21033	2	alternative	2025-01-12 16:36:17.429413	2025-01-12 16:36:17.429413
105206	21034	1	mandatory	2025-01-12 16:36:17.435132	2025-01-12 16:36:17.435132
105207	21034	6	mandatory	2025-01-12 16:36:17.435132	2025-01-12 16:36:17.435132
105208	21034	2	mandatory	2025-01-12 16:36:17.435132	2025-01-12 16:36:17.435132
105209	21034	4	alternative	2025-01-12 16:36:17.435132	2025-01-12 16:36:17.435132
105210	21034	5	alternative	2025-01-12 16:36:17.435132	2025-01-12 16:36:17.435132
105211	21035	7	mandatory	2025-01-12 16:36:17.439656	2025-01-12 16:36:17.439656
105212	21035	3	mandatory	2025-01-12 16:36:17.439656	2025-01-12 16:36:17.439656
105213	21035	8	mandatory	2025-01-12 16:36:17.439656	2025-01-12 16:36:17.439656
105214	21035	2	alternative	2025-01-12 16:36:17.439656	2025-01-12 16:36:17.439656
105215	21035	6	alternative	2025-01-12 16:36:17.439656	2025-01-12 16:36:17.439656
105216	21036	11	mandatory	2025-01-12 16:36:17.444232	2025-01-12 16:36:17.444232
105217	21036	6	mandatory	2025-01-12 16:36:17.444232	2025-01-12 16:36:17.444232
105218	21036	2	mandatory	2025-01-12 16:36:17.444232	2025-01-12 16:36:17.444232
105219	21036	1	alternative	2025-01-12 16:36:17.444232	2025-01-12 16:36:17.444232
105220	21036	3	alternative	2025-01-12 16:36:17.444232	2025-01-12 16:36:17.444232
105221	21037	1	mandatory	2025-01-12 16:36:17.449853	2025-01-12 16:36:17.449853
105222	21037	2	mandatory	2025-01-12 16:36:17.449853	2025-01-12 16:36:17.449853
105223	21037	3	mandatory	2025-01-12 16:36:17.449853	2025-01-12 16:36:17.449853
105224	21037	4	alternative	2025-01-12 16:36:17.449853	2025-01-12 16:36:17.449853
105225	21037	5	alternative	2025-01-12 16:36:17.449853	2025-01-12 16:36:17.449853
105226	21038	6	mandatory	2025-01-12 16:36:17.453685	2025-01-12 16:36:17.453685
105227	21038	3	mandatory	2025-01-12 16:36:17.453685	2025-01-12 16:36:17.453685
105228	21038	5	mandatory	2025-01-12 16:36:17.453685	2025-01-12 16:36:17.453685
105229	21038	8	alternative	2025-01-12 16:36:17.453685	2025-01-12 16:36:17.453685
105230	21038	7	alternative	2025-01-12 16:36:17.453685	2025-01-12 16:36:17.453685
105231	21039	5	mandatory	2025-01-12 16:36:17.458416	2025-01-12 16:36:17.458416
105232	21039	3	mandatory	2025-01-12 16:36:17.458416	2025-01-12 16:36:17.458416
105233	21039	2	mandatory	2025-01-12 16:36:17.458416	2025-01-12 16:36:17.458416
105234	21039	11	alternative	2025-01-12 16:36:17.458416	2025-01-12 16:36:17.458416
105235	21039	4	alternative	2025-01-12 16:36:17.458416	2025-01-12 16:36:17.458416
105236	21040	8	mandatory	2025-01-12 16:36:17.46267	2025-01-12 16:36:17.46267
105237	21040	4	mandatory	2025-01-12 16:36:17.46267	2025-01-12 16:36:17.46267
105238	21040	3	mandatory	2025-01-12 16:36:17.46267	2025-01-12 16:36:17.46267
105239	21040	5	alternative	2025-01-12 16:36:17.46267	2025-01-12 16:36:17.46267
105240	21040	1	alternative	2025-01-12 16:36:17.46267	2025-01-12 16:36:17.46267
105241	21041	1	mandatory	2025-01-12 16:36:17.46682	2025-01-12 16:36:17.46682
105242	21041	2	mandatory	2025-01-12 16:36:17.46682	2025-01-12 16:36:17.46682
105243	21041	3	mandatory	2025-01-12 16:36:17.46682	2025-01-12 16:36:17.46682
105244	21041	8	alternative	2025-01-12 16:36:17.46682	2025-01-12 16:36:17.46682
105245	21041	6	alternative	2025-01-12 16:36:17.46682	2025-01-12 16:36:17.46682
105246	21042	5	mandatory	2025-01-12 16:36:17.472025	2025-01-12 16:36:17.472025
105247	21042	8	mandatory	2025-01-12 16:36:17.472025	2025-01-12 16:36:17.472025
105248	21042	4	mandatory	2025-01-12 16:36:17.472025	2025-01-12 16:36:17.472025
105249	21042	3	alternative	2025-01-12 16:36:17.472025	2025-01-12 16:36:17.472025
105250	21042	7	alternative	2025-01-12 16:36:17.472025	2025-01-12 16:36:17.472025
105251	21043	7	mandatory	2025-01-12 16:36:17.477401	2025-01-12 16:36:17.477401
105252	21043	4	mandatory	2025-01-12 16:36:17.477401	2025-01-12 16:36:17.477401
105253	21043	8	mandatory	2025-01-12 16:36:17.477401	2025-01-12 16:36:17.477401
105254	21043	11	alternative	2025-01-12 16:36:17.477401	2025-01-12 16:36:17.477401
105255	21043	3	alternative	2025-01-12 16:36:17.477401	2025-01-12 16:36:17.477401
105256	21044	7	mandatory	2025-01-12 16:36:17.484372	2025-01-12 16:36:17.484372
105257	21044	1	mandatory	2025-01-12 16:36:17.484372	2025-01-12 16:36:17.484372
105258	21044	2	mandatory	2025-01-12 16:36:17.484372	2025-01-12 16:36:17.484372
105259	21044	3	alternative	2025-01-12 16:36:17.484372	2025-01-12 16:36:17.484372
105260	21044	5	alternative	2025-01-12 16:36:17.484372	2025-01-12 16:36:17.484372
105261	21045	1	mandatory	2025-01-12 16:36:17.490223	2025-01-12 16:36:17.490223
105262	21045	4	mandatory	2025-01-12 16:36:17.490223	2025-01-12 16:36:17.490223
105263	21045	6	mandatory	2025-01-12 16:36:17.490223	2025-01-12 16:36:17.490223
105264	21045	2	alternative	2025-01-12 16:36:17.490223	2025-01-12 16:36:17.490223
105265	21045	3	alternative	2025-01-12 16:36:17.490223	2025-01-12 16:36:17.490223
105266	21046	1	mandatory	2025-01-12 16:36:17.496032	2025-01-12 16:36:17.496032
105267	21046	8	mandatory	2025-01-12 16:36:17.496032	2025-01-12 16:36:17.496032
105268	21046	11	mandatory	2025-01-12 16:36:17.496032	2025-01-12 16:36:17.496032
105269	21046	2	alternative	2025-01-12 16:36:17.496032	2025-01-12 16:36:17.496032
105270	21046	6	alternative	2025-01-12 16:36:17.496032	2025-01-12 16:36:17.496032
105271	21047	7	mandatory	2025-01-12 16:36:17.501658	2025-01-12 16:36:17.501658
105272	21047	8	mandatory	2025-01-12 16:36:17.501658	2025-01-12 16:36:17.501658
105273	21047	4	mandatory	2025-01-12 16:36:17.501658	2025-01-12 16:36:17.501658
105274	21047	1	alternative	2025-01-12 16:36:17.501658	2025-01-12 16:36:17.501658
105275	21047	6	alternative	2025-01-12 16:36:17.501658	2025-01-12 16:36:17.501658
105276	21048	6	mandatory	2025-01-12 16:36:17.508134	2025-01-12 16:36:17.508134
105277	21048	1	mandatory	2025-01-12 16:36:17.508134	2025-01-12 16:36:17.508134
105278	21048	3	mandatory	2025-01-12 16:36:17.508134	2025-01-12 16:36:17.508134
105279	21048	5	alternative	2025-01-12 16:36:17.508134	2025-01-12 16:36:17.508134
105280	21048	11	alternative	2025-01-12 16:36:17.508134	2025-01-12 16:36:17.508134
105281	21049	1	mandatory	2025-01-12 16:36:17.514251	2025-01-12 16:36:17.514251
105282	21049	2	mandatory	2025-01-12 16:36:17.514251	2025-01-12 16:36:17.514251
105283	21049	7	mandatory	2025-01-12 16:36:17.514251	2025-01-12 16:36:17.514251
105284	21049	8	alternative	2025-01-12 16:36:17.514251	2025-01-12 16:36:17.514251
105285	21049	11	alternative	2025-01-12 16:36:17.514251	2025-01-12 16:36:17.514251
105286	21050	2	mandatory	2025-01-12 16:36:17.519396	2025-01-12 16:36:17.519396
105287	21050	4	mandatory	2025-01-12 16:36:17.519396	2025-01-12 16:36:17.519396
105288	21050	6	mandatory	2025-01-12 16:36:17.519396	2025-01-12 16:36:17.519396
105289	21050	5	alternative	2025-01-12 16:36:17.519396	2025-01-12 16:36:17.519396
105290	21050	8	alternative	2025-01-12 16:36:17.519396	2025-01-12 16:36:17.519396
105291	21051	4	mandatory	2025-01-12 16:36:17.525013	2025-01-12 16:36:17.525013
105292	21051	1	mandatory	2025-01-12 16:36:17.525013	2025-01-12 16:36:17.525013
105293	21051	5	mandatory	2025-01-12 16:36:17.525013	2025-01-12 16:36:17.525013
105294	21051	3	alternative	2025-01-12 16:36:17.525013	2025-01-12 16:36:17.525013
105295	21051	6	alternative	2025-01-12 16:36:17.525013	2025-01-12 16:36:17.525013
105296	21052	1	mandatory	2025-01-12 16:36:17.530929	2025-01-12 16:36:17.530929
105297	21052	4	mandatory	2025-01-12 16:36:17.530929	2025-01-12 16:36:17.530929
105298	21052	7	mandatory	2025-01-12 16:36:17.530929	2025-01-12 16:36:17.530929
105299	21052	8	alternative	2025-01-12 16:36:17.530929	2025-01-12 16:36:17.530929
105300	21052	5	alternative	2025-01-12 16:36:17.530929	2025-01-12 16:36:17.530929
105301	21053	8	mandatory	2025-01-12 16:36:17.536116	2025-01-12 16:36:17.536116
105302	21053	2	mandatory	2025-01-12 16:36:17.536116	2025-01-12 16:36:17.536116
105303	21053	1	mandatory	2025-01-12 16:36:17.536116	2025-01-12 16:36:17.536116
105304	21053	11	alternative	2025-01-12 16:36:17.536116	2025-01-12 16:36:17.536116
105305	21053	6	alternative	2025-01-12 16:36:17.536116	2025-01-12 16:36:17.536116
105306	21054	6	mandatory	2025-01-12 16:36:17.541645	2025-01-12 16:36:17.541645
105307	21054	5	mandatory	2025-01-12 16:36:17.541645	2025-01-12 16:36:17.541645
105308	21054	7	mandatory	2025-01-12 16:36:17.541645	2025-01-12 16:36:17.541645
105309	21054	4	alternative	2025-01-12 16:36:17.541645	2025-01-12 16:36:17.541645
105310	21054	3	alternative	2025-01-12 16:36:17.541645	2025-01-12 16:36:17.541645
105311	21055	3	mandatory	2025-01-12 16:36:17.54836	2025-01-12 16:36:17.54836
105312	21055	2	mandatory	2025-01-12 16:36:17.54836	2025-01-12 16:36:17.54836
105313	21055	4	mandatory	2025-01-12 16:36:17.54836	2025-01-12 16:36:17.54836
105314	21055	11	alternative	2025-01-12 16:36:17.54836	2025-01-12 16:36:17.54836
105315	21055	5	alternative	2025-01-12 16:36:17.54836	2025-01-12 16:36:17.54836
105316	21056	6	mandatory	2025-01-12 16:36:17.555026	2025-01-12 16:36:17.555026
105317	21056	3	mandatory	2025-01-12 16:36:17.555026	2025-01-12 16:36:17.555026
105318	21056	8	mandatory	2025-01-12 16:36:17.555026	2025-01-12 16:36:17.555026
105319	21056	4	alternative	2025-01-12 16:36:17.555026	2025-01-12 16:36:17.555026
105320	21056	7	alternative	2025-01-12 16:36:17.555026	2025-01-12 16:36:17.555026
105321	21057	1	mandatory	2025-01-12 16:36:17.560681	2025-01-12 16:36:17.560681
105322	21057	6	mandatory	2025-01-12 16:36:17.560681	2025-01-12 16:36:17.560681
105323	21057	2	mandatory	2025-01-12 16:36:17.560681	2025-01-12 16:36:17.560681
105324	21057	11	alternative	2025-01-12 16:36:17.560681	2025-01-12 16:36:17.560681
105325	21057	5	alternative	2025-01-12 16:36:17.560681	2025-01-12 16:36:17.560681
105326	21058	6	mandatory	2025-01-12 16:36:17.565782	2025-01-12 16:36:17.565782
105327	21058	1	mandatory	2025-01-12 16:36:17.565782	2025-01-12 16:36:17.565782
105328	21058	3	mandatory	2025-01-12 16:36:17.565782	2025-01-12 16:36:17.565782
105329	21058	4	alternative	2025-01-12 16:36:17.565782	2025-01-12 16:36:17.565782
105330	21058	5	alternative	2025-01-12 16:36:17.565782	2025-01-12 16:36:17.565782
105331	21059	1	mandatory	2025-01-12 16:36:17.571763	2025-01-12 16:36:17.571763
105332	21059	2	mandatory	2025-01-12 16:36:17.571763	2025-01-12 16:36:17.571763
105333	21059	3	mandatory	2025-01-12 16:36:17.571763	2025-01-12 16:36:17.571763
105334	21059	8	alternative	2025-01-12 16:36:17.571763	2025-01-12 16:36:17.571763
105335	21059	4	alternative	2025-01-12 16:36:17.571763	2025-01-12 16:36:17.571763
105336	21060	1	mandatory	2025-01-12 16:36:17.578234	2025-01-12 16:36:17.578234
105337	21060	8	mandatory	2025-01-12 16:36:17.578234	2025-01-12 16:36:17.578234
105338	21060	6	mandatory	2025-01-12 16:36:17.578234	2025-01-12 16:36:17.578234
105339	21060	7	alternative	2025-01-12 16:36:17.578234	2025-01-12 16:36:17.578234
105340	21060	2	alternative	2025-01-12 16:36:17.578234	2025-01-12 16:36:17.578234
105341	21061	11	mandatory	2025-01-12 16:36:17.583606	2025-01-12 16:36:17.583606
105342	21061	2	mandatory	2025-01-12 16:36:17.583606	2025-01-12 16:36:17.583606
105343	21061	6	mandatory	2025-01-12 16:36:17.583606	2025-01-12 16:36:17.583606
105344	21061	1	alternative	2025-01-12 16:36:17.583606	2025-01-12 16:36:17.583606
105345	21061	7	alternative	2025-01-12 16:36:17.583606	2025-01-12 16:36:17.583606
105346	21062	5	mandatory	2025-01-12 16:36:17.589208	2025-01-12 16:36:17.589208
105347	21062	4	mandatory	2025-01-12 16:36:17.589208	2025-01-12 16:36:17.589208
105348	21062	1	mandatory	2025-01-12 16:36:17.589208	2025-01-12 16:36:17.589208
105349	21062	6	alternative	2025-01-12 16:36:17.589208	2025-01-12 16:36:17.589208
105350	21062	11	alternative	2025-01-12 16:36:17.589208	2025-01-12 16:36:17.589208
105351	21063	11	mandatory	2025-01-12 16:36:17.594596	2025-01-12 16:36:17.594596
105352	21063	5	mandatory	2025-01-12 16:36:17.594596	2025-01-12 16:36:17.594596
105353	21063	4	mandatory	2025-01-12 16:36:17.594596	2025-01-12 16:36:17.594596
105354	21063	3	alternative	2025-01-12 16:36:17.594596	2025-01-12 16:36:17.594596
105355	21063	2	alternative	2025-01-12 16:36:17.594596	2025-01-12 16:36:17.594596
105356	21064	4	mandatory	2025-01-12 16:36:17.600377	2025-01-12 16:36:17.600377
105357	21064	7	mandatory	2025-01-12 16:36:17.600377	2025-01-12 16:36:17.600377
105358	21064	3	mandatory	2025-01-12 16:36:17.600377	2025-01-12 16:36:17.600377
105359	21064	8	alternative	2025-01-12 16:36:17.600377	2025-01-12 16:36:17.600377
105360	21064	6	alternative	2025-01-12 16:36:17.600377	2025-01-12 16:36:17.600377
105361	21065	2	mandatory	2025-01-12 16:36:17.605849	2025-01-12 16:36:17.605849
105362	21065	1	mandatory	2025-01-12 16:36:17.605849	2025-01-12 16:36:17.605849
105363	21065	4	mandatory	2025-01-12 16:36:17.605849	2025-01-12 16:36:17.605849
105364	21065	6	alternative	2025-01-12 16:36:17.605849	2025-01-12 16:36:17.605849
105365	21065	3	alternative	2025-01-12 16:36:17.605849	2025-01-12 16:36:17.605849
105366	21066	4	mandatory	2025-01-12 16:36:17.610247	2025-01-12 16:36:17.610247
105367	21066	6	mandatory	2025-01-12 16:36:17.610247	2025-01-12 16:36:17.610247
105368	21066	11	mandatory	2025-01-12 16:36:17.610247	2025-01-12 16:36:17.610247
105369	21066	3	alternative	2025-01-12 16:36:17.610247	2025-01-12 16:36:17.610247
105370	21066	2	alternative	2025-01-12 16:36:17.610247	2025-01-12 16:36:17.610247
105371	21067	7	mandatory	2025-01-12 16:36:17.616208	2025-01-12 16:36:17.616208
105372	21067	4	mandatory	2025-01-12 16:36:17.616208	2025-01-12 16:36:17.616208
105373	21067	11	mandatory	2025-01-12 16:36:17.616208	2025-01-12 16:36:17.616208
105374	21067	1	alternative	2025-01-12 16:36:17.616208	2025-01-12 16:36:17.616208
105375	21067	8	alternative	2025-01-12 16:36:17.616208	2025-01-12 16:36:17.616208
105376	21068	1	mandatory	2025-01-12 16:36:17.621647	2025-01-12 16:36:17.621647
105377	21068	7	mandatory	2025-01-12 16:36:17.621647	2025-01-12 16:36:17.621647
105378	21068	3	mandatory	2025-01-12 16:36:17.621647	2025-01-12 16:36:17.621647
105379	21068	6	alternative	2025-01-12 16:36:17.621647	2025-01-12 16:36:17.621647
105380	21068	4	alternative	2025-01-12 16:36:17.621647	2025-01-12 16:36:17.621647
105381	21069	8	mandatory	2025-01-12 16:36:17.626956	2025-01-12 16:36:17.626956
105382	21069	11	mandatory	2025-01-12 16:36:17.626956	2025-01-12 16:36:17.626956
105383	21069	7	mandatory	2025-01-12 16:36:17.626956	2025-01-12 16:36:17.626956
105384	21069	2	alternative	2025-01-12 16:36:17.626956	2025-01-12 16:36:17.626956
105385	21069	5	alternative	2025-01-12 16:36:17.626956	2025-01-12 16:36:17.626956
105386	21070	4	mandatory	2025-01-12 16:36:17.632533	2025-01-12 16:36:17.632533
105387	21070	6	mandatory	2025-01-12 16:36:17.632533	2025-01-12 16:36:17.632533
105388	21070	5	mandatory	2025-01-12 16:36:17.632533	2025-01-12 16:36:17.632533
105389	21070	7	alternative	2025-01-12 16:36:17.632533	2025-01-12 16:36:17.632533
105390	21070	1	alternative	2025-01-12 16:36:17.632533	2025-01-12 16:36:17.632533
105391	21071	6	mandatory	2025-01-12 16:36:17.63829	2025-01-12 16:36:17.63829
105392	21071	8	mandatory	2025-01-12 16:36:17.63829	2025-01-12 16:36:17.63829
105393	21071	1	mandatory	2025-01-12 16:36:17.63829	2025-01-12 16:36:17.63829
105394	21071	5	alternative	2025-01-12 16:36:17.63829	2025-01-12 16:36:17.63829
105395	21071	4	alternative	2025-01-12 16:36:17.63829	2025-01-12 16:36:17.63829
105396	21072	6	mandatory	2025-01-12 16:36:17.643293	2025-01-12 16:36:17.643293
105397	21072	8	mandatory	2025-01-12 16:36:17.643293	2025-01-12 16:36:17.643293
105398	21072	11	mandatory	2025-01-12 16:36:17.643293	2025-01-12 16:36:17.643293
105399	21072	2	alternative	2025-01-12 16:36:17.643293	2025-01-12 16:36:17.643293
105400	21072	1	alternative	2025-01-12 16:36:17.643293	2025-01-12 16:36:17.643293
105401	21073	11	mandatory	2025-01-12 16:36:17.648284	2025-01-12 16:36:17.648284
105402	21073	1	mandatory	2025-01-12 16:36:17.648284	2025-01-12 16:36:17.648284
105403	21073	5	mandatory	2025-01-12 16:36:17.648284	2025-01-12 16:36:17.648284
105404	21073	7	alternative	2025-01-12 16:36:17.648284	2025-01-12 16:36:17.648284
105405	21073	2	alternative	2025-01-12 16:36:17.648284	2025-01-12 16:36:17.648284
105406	21074	1	mandatory	2025-01-12 16:36:17.653376	2025-01-12 16:36:17.653376
105407	21074	5	mandatory	2025-01-12 16:36:17.653376	2025-01-12 16:36:17.653376
105408	21074	2	mandatory	2025-01-12 16:36:17.653376	2025-01-12 16:36:17.653376
105409	21074	11	alternative	2025-01-12 16:36:17.653376	2025-01-12 16:36:17.653376
105410	21074	7	alternative	2025-01-12 16:36:17.653376	2025-01-12 16:36:17.653376
105411	21075	2	mandatory	2025-01-12 16:36:17.658997	2025-01-12 16:36:17.658997
105412	21075	8	mandatory	2025-01-12 16:36:17.658997	2025-01-12 16:36:17.658997
105413	21075	4	mandatory	2025-01-12 16:36:17.658997	2025-01-12 16:36:17.658997
105414	21075	11	alternative	2025-01-12 16:36:17.658997	2025-01-12 16:36:17.658997
105415	21075	5	alternative	2025-01-12 16:36:17.658997	2025-01-12 16:36:17.658997
105416	21076	5	mandatory	2025-01-12 16:36:17.663971	2025-01-12 16:36:17.663971
105417	21076	4	mandatory	2025-01-12 16:36:17.663971	2025-01-12 16:36:17.663971
105418	21076	7	mandatory	2025-01-12 16:36:17.663971	2025-01-12 16:36:17.663971
105419	21076	1	alternative	2025-01-12 16:36:17.663971	2025-01-12 16:36:17.663971
105420	21076	2	alternative	2025-01-12 16:36:17.663971	2025-01-12 16:36:17.663971
105421	21077	6	mandatory	2025-01-12 16:36:17.67064	2025-01-12 16:36:17.67064
105422	21077	5	mandatory	2025-01-12 16:36:17.67064	2025-01-12 16:36:17.67064
105423	21077	11	mandatory	2025-01-12 16:36:17.67064	2025-01-12 16:36:17.67064
105424	21077	4	alternative	2025-01-12 16:36:17.67064	2025-01-12 16:36:17.67064
105425	21077	3	alternative	2025-01-12 16:36:17.67064	2025-01-12 16:36:17.67064
105426	21078	2	mandatory	2025-01-12 16:36:17.675368	2025-01-12 16:36:17.675368
105427	21078	4	mandatory	2025-01-12 16:36:17.675368	2025-01-12 16:36:17.675368
105428	21078	11	mandatory	2025-01-12 16:36:17.675368	2025-01-12 16:36:17.675368
105429	21078	6	alternative	2025-01-12 16:36:17.675368	2025-01-12 16:36:17.675368
105430	21078	1	alternative	2025-01-12 16:36:17.675368	2025-01-12 16:36:17.675368
105431	21079	11	mandatory	2025-01-12 16:36:17.679561	2025-01-12 16:36:17.679561
105432	21079	8	mandatory	2025-01-12 16:36:17.679561	2025-01-12 16:36:17.679561
105433	21079	7	mandatory	2025-01-12 16:36:17.679561	2025-01-12 16:36:17.679561
105434	21079	3	alternative	2025-01-12 16:36:17.679561	2025-01-12 16:36:17.679561
105435	21079	4	alternative	2025-01-12 16:36:17.679561	2025-01-12 16:36:17.679561
105436	21080	11	mandatory	2025-01-12 16:36:17.685237	2025-01-12 16:36:17.685237
105437	21080	1	mandatory	2025-01-12 16:36:17.685237	2025-01-12 16:36:17.685237
105438	21080	7	mandatory	2025-01-12 16:36:17.685237	2025-01-12 16:36:17.685237
105439	21080	5	alternative	2025-01-12 16:36:17.685237	2025-01-12 16:36:17.685237
105440	21080	2	alternative	2025-01-12 16:36:17.685237	2025-01-12 16:36:17.685237
105441	21081	6	mandatory	2025-01-12 16:36:17.689627	2025-01-12 16:36:17.689627
105442	21081	11	mandatory	2025-01-12 16:36:17.689627	2025-01-12 16:36:17.689627
105443	21081	4	mandatory	2025-01-12 16:36:17.689627	2025-01-12 16:36:17.689627
105444	21081	3	alternative	2025-01-12 16:36:17.689627	2025-01-12 16:36:17.689627
105445	21081	8	alternative	2025-01-12 16:36:17.689627	2025-01-12 16:36:17.689627
105446	21082	4	mandatory	2025-01-12 16:36:17.694436	2025-01-12 16:36:17.694436
105447	21082	3	mandatory	2025-01-12 16:36:17.694436	2025-01-12 16:36:17.694436
105448	21082	8	mandatory	2025-01-12 16:36:17.694436	2025-01-12 16:36:17.694436
105449	21082	2	alternative	2025-01-12 16:36:17.694436	2025-01-12 16:36:17.694436
105450	21082	5	alternative	2025-01-12 16:36:17.694436	2025-01-12 16:36:17.694436
105451	21083	6	mandatory	2025-01-12 16:36:17.700493	2025-01-12 16:36:17.700493
105452	21083	11	mandatory	2025-01-12 16:36:17.700493	2025-01-12 16:36:17.700493
105453	21083	3	mandatory	2025-01-12 16:36:17.700493	2025-01-12 16:36:17.700493
105454	21083	7	alternative	2025-01-12 16:36:17.700493	2025-01-12 16:36:17.700493
105455	21083	5	alternative	2025-01-12 16:36:17.700493	2025-01-12 16:36:17.700493
105456	21084	2	mandatory	2025-01-12 16:36:17.707331	2025-01-12 16:36:17.707331
105457	21084	1	mandatory	2025-01-12 16:36:17.707331	2025-01-12 16:36:17.707331
105458	21084	5	mandatory	2025-01-12 16:36:17.707331	2025-01-12 16:36:17.707331
105459	21084	11	alternative	2025-01-12 16:36:17.707331	2025-01-12 16:36:17.707331
105460	21084	8	alternative	2025-01-12 16:36:17.707331	2025-01-12 16:36:17.707331
105461	21085	6	mandatory	2025-01-12 16:36:17.713885	2025-01-12 16:36:17.713885
105462	21085	11	mandatory	2025-01-12 16:36:17.713885	2025-01-12 16:36:17.713885
105463	21085	8	mandatory	2025-01-12 16:36:17.713885	2025-01-12 16:36:17.713885
105464	21085	2	alternative	2025-01-12 16:36:17.713885	2025-01-12 16:36:17.713885
105465	21085	1	alternative	2025-01-12 16:36:17.713885	2025-01-12 16:36:17.713885
105466	21086	4	mandatory	2025-01-12 16:36:17.719858	2025-01-12 16:36:17.719858
105467	21086	8	mandatory	2025-01-12 16:36:17.719858	2025-01-12 16:36:17.719858
105468	21086	5	mandatory	2025-01-12 16:36:17.719858	2025-01-12 16:36:17.719858
105469	21086	3	alternative	2025-01-12 16:36:17.719858	2025-01-12 16:36:17.719858
105470	21086	2	alternative	2025-01-12 16:36:17.719858	2025-01-12 16:36:17.719858
105471	21087	1	mandatory	2025-01-12 16:36:17.726197	2025-01-12 16:36:17.726197
105472	21087	7	mandatory	2025-01-12 16:36:17.726197	2025-01-12 16:36:17.726197
105473	21087	5	mandatory	2025-01-12 16:36:17.726197	2025-01-12 16:36:17.726197
105474	21087	6	alternative	2025-01-12 16:36:17.726197	2025-01-12 16:36:17.726197
105475	21087	4	alternative	2025-01-12 16:36:17.726197	2025-01-12 16:36:17.726197
\.


--
-- Data for Name: profiles; Type: TABLE DATA; Schema: public; Owner: postgres
--

COPY public.profiles (id, name, school_id, capacity, created_at, updated_at) FROM stdin;
1	informatyczny	1	30	2024-11-17 23:07:44.17441	2024-11-17 23:07:44.17441
2	biologiczny	1	30	2024-11-17 23:07:44.17441	2024-11-17 23:07:44.17441
4	historyczny	3	25	2024-11-17 23:07:44.17441	2024-11-17 23:07:44.17441
21042	iu	230	30	2025-01-12 16:36:17.472025	2025-01-12 16:36:17.472025
21106	s	231	30	2025-01-12 16:38:58.974343	2025-01-12 16:38:58.974343
21107	t	231	30	2025-01-12 16:38:58.979546	2025-01-12 16:38:58.979546
7	Architektoniczny	5	20	2024-12-18 20:16:01.117352	2024-12-18 20:16:01.117352
6	Lingwistyczny	5	24	2024-12-18 20:14:40.698265	2024-12-18 20:14:40.698265
3	elektryk	2	28	2024-11-17 23:07:44.17441	2024-11-17 23:07:44.17441
21108	u	231	30	2025-01-12 16:38:58.985095	2025-01-12 16:38:58.985095
21109	v	231	30	2025-01-12 16:38:58.990603	2025-01-12 16:38:58.990603
21110	w	231	30	2025-01-12 16:38:58.996735	2025-01-12 16:38:58.996735
21111	x	231	30	2025-01-12 16:38:59.003486	2025-01-12 16:38:59.003486
21112	y	231	30	2025-01-12 16:38:59.009687	2025-01-12 16:38:59.009687
21113	z	231	30	2025-01-12 16:38:59.015713	2025-01-12 16:38:59.015713
21114	aa	231	30	2025-01-12 16:38:59.021692	2025-01-12 16:38:59.021692
21115	ab	231	30	2025-01-12 16:38:59.028649	2025-01-12 16:38:59.028649
21116	ac	231	30	2025-01-12 16:38:59.035171	2025-01-12 16:38:59.035171
21117	ad	231	30	2025-01-12 16:38:59.041772	2025-01-12 16:38:59.041772
21118	ae	231	30	2025-01-12 16:38:59.048886	2025-01-12 16:38:59.048886
21119	af	231	30	2025-01-12 16:38:59.056039	2025-01-12 16:38:59.056039
21120	ag	231	30	2025-01-12 16:38:59.06222	2025-01-12 16:38:59.06222
21121	ah	231	30	2025-01-12 16:38:59.068909	2025-01-12 16:38:59.068909
21122	ai	231	30	2025-01-12 16:38:59.075632	2025-01-12 16:38:59.075632
21123	aj	231	30	2025-01-12 16:38:59.08268	2025-01-12 16:38:59.08268
21124	ak	231	30	2025-01-12 16:38:59.089304	2025-01-12 16:38:59.089304
21125	al	231	30	2025-01-12 16:38:59.095991	2025-01-12 16:38:59.095991
21126	am	231	30	2025-01-12 16:38:59.102349	2025-01-12 16:38:59.102349
21127	an	231	30	2025-01-12 16:38:59.108762	2025-01-12 16:38:59.108762
21128	ao	231	30	2025-01-12 16:38:59.11541	2025-01-12 16:38:59.11541
21129	ap	231	30	2025-01-12 16:38:59.122734	2025-01-12 16:38:59.122734
21130	aq	231	30	2025-01-12 16:38:59.129539	2025-01-12 16:38:59.129539
21131	ar	231	30	2025-01-12 16:38:59.136906	2025-01-12 16:38:59.136906
21132	as	231	30	2025-01-12 16:38:59.143463	2025-01-12 16:38:59.143463
21133	at	231	30	2025-01-12 16:38:59.149785	2025-01-12 16:38:59.149785
21134	au	231	30	2025-01-12 16:38:59.155501	2025-01-12 16:38:59.155501
21135	av	231	30	2025-01-12 16:38:59.162043	2025-01-12 16:38:59.162043
21136	aw	231	30	2025-01-12 16:38:59.169409	2025-01-12 16:38:59.169409
21137	ax	231	30	2025-01-12 16:38:59.175472	2025-01-12 16:38:59.175472
21138	ay	231	30	2025-01-12 16:38:59.18093	2025-01-12 16:38:59.18093
21139	az	231	30	2025-01-12 16:38:59.185952	2025-01-12 16:38:59.185952
21140	ba	231	30	2025-01-12 16:38:59.191389	2025-01-12 16:38:59.191389
21141	bb	231	30	2025-01-12 16:38:59.198403	2025-01-12 16:38:59.198403
21142	bc	231	30	2025-01-12 16:38:59.208562	2025-01-12 16:38:59.208562
21143	bd	231	30	2025-01-12 16:38:59.215292	2025-01-12 16:38:59.215292
21144	be	231	30	2025-01-12 16:38:59.223354	2025-01-12 16:38:59.223354
21145	bf	231	30	2025-01-12 16:38:59.230046	2025-01-12 16:38:59.230046
21146	bg	231	30	2025-01-12 16:38:59.23745	2025-01-12 16:38:59.23745
21147	bh	231	30	2025-01-12 16:38:59.244675	2025-01-12 16:38:59.244675
21148	bi	231	30	2025-01-12 16:38:59.251251	2025-01-12 16:38:59.251251
21149	bj	231	30	2025-01-12 16:38:59.256544	2025-01-12 16:38:59.256544
21150	bk	231	30	2025-01-12 16:38:59.263835	2025-01-12 16:38:59.263835
21151	bl	231	30	2025-01-12 16:38:59.269159	2025-01-12 16:38:59.269159
21152	bm	231	30	2025-01-12 16:38:59.275643	2025-01-12 16:38:59.275643
21153	bn	231	30	2025-01-12 16:38:59.283584	2025-01-12 16:38:59.283584
21154	bo	231	30	2025-01-12 16:38:59.288953	2025-01-12 16:38:59.288953
21155	bp	231	30	2025-01-12 16:38:59.294975	2025-01-12 16:38:59.294975
21156	bq	231	30	2025-01-12 16:38:59.300364	2025-01-12 16:38:59.300364
21157	br	231	30	2025-01-12 16:38:59.306839	2025-01-12 16:38:59.306839
21158	bs	231	30	2025-01-12 16:38:59.313382	2025-01-12 16:38:59.313382
21159	bt	231	30	2025-01-12 16:38:59.320116	2025-01-12 16:38:59.320116
21160	bu	231	30	2025-01-12 16:38:59.327152	2025-01-12 16:38:59.327152
21161	bv	231	30	2025-01-12 16:38:59.333533	2025-01-12 16:38:59.333533
21162	bw	231	30	2025-01-12 16:38:59.340981	2025-01-12 16:38:59.340981
21163	bx	231	30	2025-01-12 16:38:59.347634	2025-01-12 16:38:59.347634
21164	by	231	30	2025-01-12 16:38:59.357282	2025-01-12 16:38:59.357282
21165	bz	231	30	2025-01-12 16:38:59.363876	2025-01-12 16:38:59.363876
21166	ca	231	30	2025-01-12 16:38:59.370634	2025-01-12 16:38:59.370634
21167	cb	231	30	2025-01-12 16:38:59.377264	2025-01-12 16:38:59.377264
21168	cc	231	30	2025-01-12 16:38:59.384059	2025-01-12 16:38:59.384059
21169	cd	231	30	2025-01-12 16:38:59.391502	2025-01-12 16:38:59.391502
21170	ce	231	30	2025-01-12 16:38:59.399144	2025-01-12 16:38:59.399144
21171	cf	231	30	2025-01-12 16:38:59.406407	2025-01-12 16:38:59.406407
21172	cg	231	30	2025-01-12 16:38:59.414588	2025-01-12 16:38:59.414588
21173	ch	231	30	2025-01-12 16:38:59.421107	2025-01-12 16:38:59.421107
21174	ci	231	30	2025-01-12 16:38:59.426465	2025-01-12 16:38:59.426465
21175	cj	231	30	2025-01-12 16:38:59.43337	2025-01-12 16:38:59.43337
21176	ck	231	30	2025-01-12 16:38:59.439937	2025-01-12 16:38:59.439937
21177	cl	231	30	2025-01-12 16:38:59.447278	2025-01-12 16:38:59.447278
21178	cm	231	30	2025-01-12 16:38:59.454187	2025-01-12 16:38:59.454187
21179	cn	231	30	2025-01-12 16:38:59.461368	2025-01-12 16:38:59.461368
21180	co	231	30	2025-01-12 16:38:59.46758	2025-01-12 16:38:59.46758
21181	cp	231	30	2025-01-12 16:38:59.473894	2025-01-12 16:38:59.473894
21182	cq	231	30	2025-01-12 16:38:59.479021	2025-01-12 16:38:59.479021
21183	cr	231	30	2025-01-12 16:38:59.486317	2025-01-12 16:38:59.486317
21184	cs	231	30	2025-01-12 16:38:59.493414	2025-01-12 16:38:59.493414
21185	ct	231	30	2025-01-12 16:38:59.50074	2025-01-12 16:38:59.50074
21186	cu	231	30	2025-01-12 16:38:59.50702	2025-01-12 16:38:59.50702
21187	cv	231	30	2025-01-12 16:38:59.512405	2025-01-12 16:38:59.512405
21188	cw	231	30	2025-01-12 16:38:59.517442	2025-01-12 16:38:59.517442
21189	cx	231	30	2025-01-12 16:38:59.52251	2025-01-12 16:38:59.52251
21190	cy	231	30	2025-01-12 16:38:59.527329	2025-01-12 16:38:59.527329
21191	cz	231	30	2025-01-12 16:38:59.532354	2025-01-12 16:38:59.532354
21192	da	231	30	2025-01-12 16:38:59.537258	2025-01-12 16:38:59.537258
21193	db	231	30	2025-01-12 16:38:59.54251	2025-01-12 16:38:59.54251
21194	dc	231	30	2025-01-12 16:38:59.549769	2025-01-12 16:38:59.549769
21195	dd	231	30	2025-01-12 16:38:59.555918	2025-01-12 16:38:59.555918
21196	de	231	30	2025-01-12 16:38:59.562636	2025-01-12 16:38:59.562636
21197	df	231	30	2025-01-12 16:38:59.567449	2025-01-12 16:38:59.567449
21198	dg	231	30	2025-01-12 16:38:59.572101	2025-01-12 16:38:59.572101
21199	dh	231	30	2025-01-12 16:38:59.576379	2025-01-12 16:38:59.576379
21200	di	231	30	2025-01-12 16:38:59.58297	2025-01-12 16:38:59.58297
21201	dj	231	30	2025-01-12 16:38:59.592129	2025-01-12 16:38:59.592129
21202	dk	231	30	2025-01-12 16:38:59.600257	2025-01-12 16:38:59.600257
21203	dl	231	30	2025-01-12 16:38:59.608611	2025-01-12 16:38:59.608611
21204	dm	231	30	2025-01-12 16:38:59.617598	2025-01-12 16:38:59.617598
21205	dn	231	30	2025-01-12 16:38:59.624206	2025-01-12 16:38:59.624206
21206	do	231	30	2025-01-12 16:38:59.629217	2025-01-12 16:38:59.629217
21207	dp	231	30	2025-01-12 16:38:59.635143	2025-01-12 16:38:59.635143
21208	dq	231	30	2025-01-12 16:38:59.640975	2025-01-12 16:38:59.640975
21209	dr	231	30	2025-01-12 16:38:59.646044	2025-01-12 16:38:59.646044
21210	ds	231	30	2025-01-12 16:38:59.653051	2025-01-12 16:38:59.653051
21211	dt	231	30	2025-01-12 16:38:59.660663	2025-01-12 16:38:59.660663
21212	du	231	30	2025-01-12 16:38:59.667647	2025-01-12 16:38:59.667647
21213	dv	231	30	2025-01-12 16:38:59.673728	2025-01-12 16:38:59.673728
21214	dw	231	30	2025-01-12 16:38:59.679286	2025-01-12 16:38:59.679286
21215	dx	231	30	2025-01-12 16:38:59.68522	2025-01-12 16:38:59.68522
21216	dy	231	30	2025-01-12 16:38:59.692027	2025-01-12 16:38:59.692027
21217	dz	231	30	2025-01-12 16:38:59.699921	2025-01-12 16:38:59.699921
21218	ea	231	30	2025-01-12 16:38:59.706729	2025-01-12 16:38:59.706729
21219	eb	231	30	2025-01-12 16:38:59.713999	2025-01-12 16:38:59.713999
21220	ec	231	30	2025-01-12 16:38:59.721064	2025-01-12 16:38:59.721064
21221	ed	231	30	2025-01-12 16:38:59.728239	2025-01-12 16:38:59.728239
21222	ee	231	30	2025-01-12 16:38:59.733908	2025-01-12 16:38:59.733908
21223	ef	231	30	2025-01-12 16:38:59.740073	2025-01-12 16:38:59.740073
21224	eg	231	30	2025-01-12 16:38:59.745496	2025-01-12 16:38:59.745496
21225	eh	231	30	2025-01-12 16:38:59.75612	2025-01-12 16:38:59.75612
21226	ei	231	30	2025-01-12 16:38:59.760663	2025-01-12 16:38:59.760663
21227	ej	231	30	2025-01-12 16:38:59.774293	2025-01-12 16:38:59.774293
21228	ek	231	30	2025-01-12 16:38:59.785983	2025-01-12 16:38:59.785983
21229	el	231	30	2025-01-12 16:38:59.794422	2025-01-12 16:38:59.794422
21230	em	231	30	2025-01-12 16:38:59.801051	2025-01-12 16:38:59.801051
21231	en	231	30	2025-01-12 16:38:59.809403	2025-01-12 16:38:59.809403
21232	eo	231	30	2025-01-12 16:38:59.816997	2025-01-12 16:38:59.816997
21043	iv	230	30	2025-01-12 16:36:17.477401	2025-01-12 16:36:17.477401
21044	iw	230	30	2025-01-12 16:36:17.484372	2025-01-12 16:36:17.484372
21045	ix	230	30	2025-01-12 16:36:17.490223	2025-01-12 16:36:17.490223
21046	iy	230	30	2025-01-12 16:36:17.496032	2025-01-12 16:36:17.496032
21047	iz	230	30	2025-01-12 16:36:17.501658	2025-01-12 16:36:17.501658
21048	ja	230	30	2025-01-12 16:36:17.508134	2025-01-12 16:36:17.508134
21049	jb	230	30	2025-01-12 16:36:17.514251	2025-01-12 16:36:17.514251
21050	jc	230	30	2025-01-12 16:36:17.519396	2025-01-12 16:36:17.519396
21051	jd	230	30	2025-01-12 16:36:17.525013	2025-01-12 16:36:17.525013
21052	je	230	30	2025-01-12 16:36:17.530929	2025-01-12 16:36:17.530929
21053	jf	230	30	2025-01-12 16:36:17.536116	2025-01-12 16:36:17.536116
21054	jg	230	30	2025-01-12 16:36:17.541645	2025-01-12 16:36:17.541645
21055	jh	230	30	2025-01-12 16:36:17.54836	2025-01-12 16:36:17.54836
21056	ji	230	30	2025-01-12 16:36:17.555026	2025-01-12 16:36:17.555026
21057	jj	230	30	2025-01-12 16:36:17.560681	2025-01-12 16:36:17.560681
21058	jk	230	30	2025-01-12 16:36:17.565782	2025-01-12 16:36:17.565782
21059	jl	230	30	2025-01-12 16:36:17.571763	2025-01-12 16:36:17.571763
21060	jm	230	30	2025-01-12 16:36:17.578234	2025-01-12 16:36:17.578234
21061	jn	230	30	2025-01-12 16:36:17.583606	2025-01-12 16:36:17.583606
21062	jo	230	30	2025-01-12 16:36:17.589208	2025-01-12 16:36:17.589208
21063	jp	230	30	2025-01-12 16:36:17.594596	2025-01-12 16:36:17.594596
21064	jq	230	30	2025-01-12 16:36:17.600377	2025-01-12 16:36:17.600377
21065	jr	230	30	2025-01-12 16:36:17.605849	2025-01-12 16:36:17.605849
21066	js	230	30	2025-01-12 16:36:17.610247	2025-01-12 16:36:17.610247
21067	jt	230	30	2025-01-12 16:36:17.616208	2025-01-12 16:36:17.616208
21068	ju	230	30	2025-01-12 16:36:17.621647	2025-01-12 16:36:17.621647
21069	jv	230	30	2025-01-12 16:36:17.626956	2025-01-12 16:36:17.626956
21070	jw	230	30	2025-01-12 16:36:17.632533	2025-01-12 16:36:17.632533
21071	jx	230	30	2025-01-12 16:36:17.63829	2025-01-12 16:36:17.63829
21072	jy	230	30	2025-01-12 16:36:17.643293	2025-01-12 16:36:17.643293
21073	jz	230	30	2025-01-12 16:36:17.648284	2025-01-12 16:36:17.648284
21074	ka	230	30	2025-01-12 16:36:17.653376	2025-01-12 16:36:17.653376
21075	kb	230	30	2025-01-12 16:36:17.658997	2025-01-12 16:36:17.658997
21076	kc	230	30	2025-01-12 16:36:17.663971	2025-01-12 16:36:17.663971
21077	kd	230	30	2025-01-12 16:36:17.67064	2025-01-12 16:36:17.67064
21078	ke	230	30	2025-01-12 16:36:17.675368	2025-01-12 16:36:17.675368
21079	kf	230	30	2025-01-12 16:36:17.679561	2025-01-12 16:36:17.679561
21080	kg	230	30	2025-01-12 16:36:17.685237	2025-01-12 16:36:17.685237
21081	kh	230	30	2025-01-12 16:36:17.689627	2025-01-12 16:36:17.689627
21082	ki	230	30	2025-01-12 16:36:17.694436	2025-01-12 16:36:17.694436
21083	kj	230	30	2025-01-12 16:36:17.700493	2025-01-12 16:36:17.700493
21084	kk	230	30	2025-01-12 16:36:17.707331	2025-01-12 16:36:17.707331
21085	kl	230	30	2025-01-12 16:36:17.713885	2025-01-12 16:36:17.713885
21086	km	230	30	2025-01-12 16:36:17.719858	2025-01-12 16:36:17.719858
21087	kn	230	30	2025-01-12 16:36:17.726197	2025-01-12 16:36:17.726197
21233	ep	231	30	2025-01-12 16:38:59.825329	2025-01-12 16:38:59.825329
21234	eq	231	30	2025-01-12 16:38:59.831626	2025-01-12 16:38:59.831626
21235	er	231	30	2025-01-12 16:38:59.838913	2025-01-12 16:38:59.838913
21236	es	231	30	2025-01-12 16:38:59.845314	2025-01-12 16:38:59.845314
21237	et	231	30	2025-01-12 16:38:59.850199	2025-01-12 16:38:59.850199
21238	eu	231	30	2025-01-12 16:38:59.854881	2025-01-12 16:38:59.854881
21239	ev	231	30	2025-01-12 16:38:59.861448	2025-01-12 16:38:59.861448
21240	ew	231	30	2025-01-12 16:38:59.867584	2025-01-12 16:38:59.867584
21241	ex	231	30	2025-01-12 16:38:59.874402	2025-01-12 16:38:59.874402
21242	ey	231	30	2025-01-12 16:38:59.880405	2025-01-12 16:38:59.880405
21243	ez	231	30	2025-01-12 16:38:59.885961	2025-01-12 16:38:59.885961
21244	fa	231	30	2025-01-12 16:38:59.892262	2025-01-12 16:38:59.892262
21245	fb	231	30	2025-01-12 16:38:59.898926	2025-01-12 16:38:59.898926
21246	fc	231	30	2025-01-12 16:38:59.90551	2025-01-12 16:38:59.90551
21247	fd	231	30	2025-01-12 16:38:59.911418	2025-01-12 16:38:59.911418
21248	fe	231	30	2025-01-12 16:38:59.91695	2025-01-12 16:38:59.91695
21249	ff	231	30	2025-01-12 16:38:59.921771	2025-01-12 16:38:59.921771
21250	fg	231	30	2025-01-12 16:38:59.928192	2025-01-12 16:38:59.928192
21251	fh	231	30	2025-01-12 16:38:59.933043	2025-01-12 16:38:59.933043
21252	fi	231	30	2025-01-12 16:38:59.937756	2025-01-12 16:38:59.937756
21253	fj	231	30	2025-01-12 16:38:59.942695	2025-01-12 16:38:59.942695
21254	fk	231	30	2025-01-12 16:38:59.947325	2025-01-12 16:38:59.947325
21255	fl	231	30	2025-01-12 16:38:59.951813	2025-01-12 16:38:59.951813
21256	fm	231	30	2025-01-12 16:38:59.956346	2025-01-12 16:38:59.956346
21257	fn	231	30	2025-01-12 16:38:59.960912	2025-01-12 16:38:59.960912
21258	fo	231	30	2025-01-12 16:38:59.965821	2025-01-12 16:38:59.965821
21259	fp	231	30	2025-01-12 16:38:59.970865	2025-01-12 16:38:59.970865
21260	fq	231	30	2025-01-12 16:38:59.975497	2025-01-12 16:38:59.975497
21261	fr	231	30	2025-01-12 16:38:59.979808	2025-01-12 16:38:59.979808
21262	fs	231	30	2025-01-12 16:38:59.985454	2025-01-12 16:38:59.985454
21263	ft	231	30	2025-01-12 16:38:59.991631	2025-01-12 16:38:59.991631
21264	fu	231	30	2025-01-12 16:38:59.997973	2025-01-12 16:38:59.997973
21265	fv	231	30	2025-01-12 16:39:00.004734	2025-01-12 16:39:00.004734
21266	fw	231	30	2025-01-12 16:39:00.009377	2025-01-12 16:39:00.009377
21267	fx	231	30	2025-01-12 16:39:00.015062	2025-01-12 16:39:00.015062
21268	fy	231	30	2025-01-12 16:39:00.019603	2025-01-12 16:39:00.019603
21269	fz	231	30	2025-01-12 16:39:00.024697	2025-01-12 16:39:00.024697
21270	ga	231	30	2025-01-12 16:39:00.031203	2025-01-12 16:39:00.031203
21271	gb	231	30	2025-01-12 16:39:00.037045	2025-01-12 16:39:00.037045
21272	gc	231	30	2025-01-12 16:39:00.042493	2025-01-12 16:39:00.042493
21273	gd	231	30	2025-01-12 16:39:00.047892	2025-01-12 16:39:00.047892
21274	ge	231	30	2025-01-12 16:39:00.053659	2025-01-12 16:39:00.053659
21275	gf	231	30	2025-01-12 16:39:00.060403	2025-01-12 16:39:00.060403
21276	gg	231	30	2025-01-12 16:39:00.065574	2025-01-12 16:39:00.065574
21277	gh	231	30	2025-01-12 16:39:00.071456	2025-01-12 16:39:00.071456
21278	gi	231	30	2025-01-12 16:39:00.0773	2025-01-12 16:39:00.0773
21279	gj	231	30	2025-01-12 16:39:00.082065	2025-01-12 16:39:00.082065
21280	gk	231	30	2025-01-12 16:39:00.087611	2025-01-12 16:39:00.087611
21281	gl	231	30	2025-01-12 16:39:00.092874	2025-01-12 16:39:00.092874
21282	gm	231	30	2025-01-12 16:39:00.099019	2025-01-12 16:39:00.099019
21283	gn	231	30	2025-01-12 16:39:00.105455	2025-01-12 16:39:00.105455
21284	go	231	30	2025-01-12 16:39:00.110508	2025-01-12 16:39:00.110508
21285	gp	231	30	2025-01-12 16:39:00.115154	2025-01-12 16:39:00.115154
21286	gq	231	30	2025-01-12 16:39:00.119448	2025-01-12 16:39:00.119448
21287	gr	231	30	2025-01-12 16:39:00.124025	2025-01-12 16:39:00.124025
21288	gs	231	30	2025-01-12 16:39:00.12918	2025-01-12 16:39:00.12918
21289	gt	231	30	2025-01-12 16:39:00.133986	2025-01-12 16:39:00.133986
21290	gu	231	30	2025-01-12 16:39:00.138202	2025-01-12 16:39:00.138202
21291	gv	231	30	2025-01-12 16:39:00.142808	2025-01-12 16:39:00.142808
21292	gw	231	30	2025-01-12 16:39:00.147694	2025-01-12 16:39:00.147694
21293	gx	231	30	2025-01-12 16:39:00.153666	2025-01-12 16:39:00.153666
21294	gy	231	30	2025-01-12 16:39:00.159957	2025-01-12 16:39:00.159957
21295	gz	231	30	2025-01-12 16:39:00.164951	2025-01-12 16:39:00.164951
21296	ha	231	30	2025-01-12 16:39:00.170277	2025-01-12 16:39:00.170277
21297	hb	231	30	2025-01-12 16:39:00.175638	2025-01-12 16:39:00.175638
21298	hc	231	30	2025-01-12 16:39:00.180957	2025-01-12 16:39:00.180957
21299	hd	231	30	2025-01-12 16:39:00.185188	2025-01-12 16:39:00.185188
21300	he	231	30	2025-01-12 16:39:00.19033	2025-01-12 16:39:00.19033
21301	hf	231	30	2025-01-12 16:39:00.194969	2025-01-12 16:39:00.194969
21302	hg	231	30	2025-01-12 16:39:00.199406	2025-01-12 16:39:00.199406
21303	hh	231	30	2025-01-12 16:39:00.203687	2025-01-12 16:39:00.203687
21304	hi	231	30	2025-01-12 16:39:00.208456	2025-01-12 16:39:00.208456
21305	hj	231	30	2025-01-12 16:39:00.212889	2025-01-12 16:39:00.212889
21306	hk	231	30	2025-01-12 16:39:00.217178	2025-01-12 16:39:00.217178
21307	hl	231	30	2025-01-12 16:39:00.221534	2025-01-12 16:39:00.221534
21308	hm	231	30	2025-01-12 16:39:00.225943	2025-01-12 16:39:00.225943
21309	hn	231	30	2025-01-12 16:39:00.23061	2025-01-12 16:39:00.23061
21310	ho	231	30	2025-01-12 16:39:00.235217	2025-01-12 16:39:00.235217
21311	hp	231	30	2025-01-12 16:39:00.24166	2025-01-12 16:39:00.24166
21312	hq	231	30	2025-01-12 16:39:00.248258	2025-01-12 16:39:00.248258
21313	hr	231	30	2025-01-12 16:39:00.254766	2025-01-12 16:39:00.254766
21314	hs	231	30	2025-01-12 16:39:00.259439	2025-01-12 16:39:00.259439
21315	ht	231	30	2025-01-12 16:39:00.264474	2025-01-12 16:39:00.264474
21316	hu	231	30	2025-01-12 16:39:00.271469	2025-01-12 16:39:00.271469
21317	hv	231	30	2025-01-12 16:39:00.278513	2025-01-12 16:39:00.278513
21318	hw	231	30	2025-01-12 16:39:00.28503	2025-01-12 16:39:00.28503
21319	hx	231	30	2025-01-12 16:39:00.292277	2025-01-12 16:39:00.292277
21320	hy	231	30	2025-01-12 16:39:00.297277	2025-01-12 16:39:00.297277
21321	hz	231	30	2025-01-12 16:39:00.30357	2025-01-12 16:39:00.30357
21322	ia	231	30	2025-01-12 16:39:00.309693	2025-01-12 16:39:00.309693
21323	ib	231	30	2025-01-12 16:39:00.316045	2025-01-12 16:39:00.316045
20788	a	230	30	2025-01-12 16:36:15.996773	2025-01-12 16:36:15.996773
20789	b	230	30	2025-01-12 16:36:16.0034	2025-01-12 16:36:16.0034
20790	c	230	30	2025-01-12 16:36:16.008462	2025-01-12 16:36:16.008462
20791	d	230	30	2025-01-12 16:36:16.014564	2025-01-12 16:36:16.014564
20792	e	230	30	2025-01-12 16:36:16.021395	2025-01-12 16:36:16.021395
20793	f	230	30	2025-01-12 16:36:16.027566	2025-01-12 16:36:16.027566
20794	g	230	30	2025-01-12 16:36:16.034808	2025-01-12 16:36:16.034808
20795	h	230	30	2025-01-12 16:36:16.041689	2025-01-12 16:36:16.041689
20796	i	230	30	2025-01-12 16:36:16.04778	2025-01-12 16:36:16.04778
20797	j	230	30	2025-01-12 16:36:16.053484	2025-01-12 16:36:16.053484
20798	k	230	30	2025-01-12 16:36:16.059124	2025-01-12 16:36:16.059124
20799	l	230	30	2025-01-12 16:36:16.066284	2025-01-12 16:36:16.066284
20800	m	230	30	2025-01-12 16:36:16.072708	2025-01-12 16:36:16.072708
20801	n	230	30	2025-01-12 16:36:16.079113	2025-01-12 16:36:16.079113
20802	o	230	30	2025-01-12 16:36:16.08589	2025-01-12 16:36:16.08589
20803	p	230	30	2025-01-12 16:36:16.092734	2025-01-12 16:36:16.092734
20804	q	230	30	2025-01-12 16:36:16.099464	2025-01-12 16:36:16.099464
20805	r	230	30	2025-01-12 16:36:16.105873	2025-01-12 16:36:16.105873
20806	s	230	30	2025-01-12 16:36:16.111904	2025-01-12 16:36:16.111904
20807	t	230	30	2025-01-12 16:36:16.117911	2025-01-12 16:36:16.117911
20808	u	230	30	2025-01-12 16:36:16.124243	2025-01-12 16:36:16.124243
20809	v	230	30	2025-01-12 16:36:16.130213	2025-01-12 16:36:16.130213
20810	w	230	30	2025-01-12 16:36:16.135658	2025-01-12 16:36:16.135658
20811	x	230	30	2025-01-12 16:36:16.140936	2025-01-12 16:36:16.140936
20812	y	230	30	2025-01-12 16:36:16.147204	2025-01-12 16:36:16.147204
20813	z	230	30	2025-01-12 16:36:16.15297	2025-01-12 16:36:16.15297
20814	aa	230	30	2025-01-12 16:36:16.160516	2025-01-12 16:36:16.160516
20815	ab	230	30	2025-01-12 16:36:16.167248	2025-01-12 16:36:16.167248
20816	ac	230	30	2025-01-12 16:36:16.173054	2025-01-12 16:36:16.173054
20817	ad	230	30	2025-01-12 16:36:16.179028	2025-01-12 16:36:16.179028
20818	ae	230	30	2025-01-12 16:36:16.184565	2025-01-12 16:36:16.184565
20819	af	230	30	2025-01-12 16:36:16.190616	2025-01-12 16:36:16.190616
20820	ag	230	30	2025-01-12 16:36:16.196345	2025-01-12 16:36:16.196345
20821	ah	230	30	2025-01-12 16:36:16.201621	2025-01-12 16:36:16.201621
20822	ai	230	30	2025-01-12 16:36:16.208228	2025-01-12 16:36:16.208228
20823	aj	230	30	2025-01-12 16:36:16.214128	2025-01-12 16:36:16.214128
20824	ak	230	30	2025-01-12 16:36:16.219491	2025-01-12 16:36:16.219491
20825	al	230	30	2025-01-12 16:36:16.225419	2025-01-12 16:36:16.225419
20826	am	230	30	2025-01-12 16:36:16.231135	2025-01-12 16:36:16.231135
20827	an	230	30	2025-01-12 16:36:16.237807	2025-01-12 16:36:16.237807
20828	ao	230	30	2025-01-12 16:36:16.244386	2025-01-12 16:36:16.244386
20829	ap	230	30	2025-01-12 16:36:16.251388	2025-01-12 16:36:16.251388
20830	aq	230	30	2025-01-12 16:36:16.258349	2025-01-12 16:36:16.258349
20831	ar	230	30	2025-01-12 16:36:16.264392	2025-01-12 16:36:16.264392
20832	as	230	30	2025-01-12 16:36:16.27095	2025-01-12 16:36:16.27095
20833	at	230	30	2025-01-12 16:36:16.278187	2025-01-12 16:36:16.278187
20834	au	230	30	2025-01-12 16:36:16.285839	2025-01-12 16:36:16.285839
20835	av	230	30	2025-01-12 16:36:16.29205	2025-01-12 16:36:16.29205
20836	aw	230	30	2025-01-12 16:36:16.297878	2025-01-12 16:36:16.297878
20837	ax	230	30	2025-01-12 16:36:16.303236	2025-01-12 16:36:16.303236
20838	ay	230	30	2025-01-12 16:36:16.308245	2025-01-12 16:36:16.308245
20839	az	230	30	2025-01-12 16:36:16.314017	2025-01-12 16:36:16.314017
20840	ba	230	30	2025-01-12 16:36:16.31933	2025-01-12 16:36:16.31933
20841	bb	230	30	2025-01-12 16:36:16.326134	2025-01-12 16:36:16.326134
20842	bc	230	30	2025-01-12 16:36:16.333291	2025-01-12 16:36:16.333291
20843	bd	230	30	2025-01-12 16:36:16.33984	2025-01-12 16:36:16.33984
20844	be	230	30	2025-01-12 16:36:16.345758	2025-01-12 16:36:16.345758
20845	bf	230	30	2025-01-12 16:36:16.351261	2025-01-12 16:36:16.351261
20846	bg	230	30	2025-01-12 16:36:16.357244	2025-01-12 16:36:16.357244
20847	bh	230	30	2025-01-12 16:36:16.361884	2025-01-12 16:36:16.361884
20848	bi	230	30	2025-01-12 16:36:16.368295	2025-01-12 16:36:16.368295
20849	bj	230	30	2025-01-12 16:36:16.373343	2025-01-12 16:36:16.373343
20850	bk	230	30	2025-01-12 16:36:16.378626	2025-01-12 16:36:16.378626
20851	bl	230	30	2025-01-12 16:36:16.383781	2025-01-12 16:36:16.383781
20852	bm	230	30	2025-01-12 16:36:16.389268	2025-01-12 16:36:16.389268
20853	bn	230	30	2025-01-12 16:36:16.395497	2025-01-12 16:36:16.395497
20854	bo	230	30	2025-01-12 16:36:16.401496	2025-01-12 16:36:16.401496
20855	bp	230	30	2025-01-12 16:36:16.406447	2025-01-12 16:36:16.406447
20856	bq	230	30	2025-01-12 16:36:16.412502	2025-01-12 16:36:16.412502
20857	br	230	30	2025-01-12 16:36:16.418563	2025-01-12 16:36:16.418563
20858	bs	230	30	2025-01-12 16:36:16.424539	2025-01-12 16:36:16.424539
20859	bt	230	30	2025-01-12 16:36:16.430561	2025-01-12 16:36:16.430561
20860	bu	230	30	2025-01-12 16:36:16.436395	2025-01-12 16:36:16.436395
20861	bv	230	30	2025-01-12 16:36:16.44192	2025-01-12 16:36:16.44192
20862	bw	230	30	2025-01-12 16:36:16.447626	2025-01-12 16:36:16.447626
20863	bx	230	30	2025-01-12 16:36:16.453398	2025-01-12 16:36:16.453398
20864	by	230	30	2025-01-12 16:36:16.459339	2025-01-12 16:36:16.459339
20865	bz	230	30	2025-01-12 16:36:16.464619	2025-01-12 16:36:16.464619
20866	ca	230	30	2025-01-12 16:36:16.470266	2025-01-12 16:36:16.470266
20867	cb	230	30	2025-01-12 16:36:16.476641	2025-01-12 16:36:16.476641
20868	cc	230	30	2025-01-12 16:36:16.482255	2025-01-12 16:36:16.482255
20869	cd	230	30	2025-01-12 16:36:16.48745	2025-01-12 16:36:16.48745
20870	ce	230	30	2025-01-12 16:36:16.494384	2025-01-12 16:36:16.494384
20871	cf	230	30	2025-01-12 16:36:16.50198	2025-01-12 16:36:16.50198
20872	cg	230	30	2025-01-12 16:36:16.507775	2025-01-12 16:36:16.507775
20873	ch	230	30	2025-01-12 16:36:16.514365	2025-01-12 16:36:16.514365
20874	ci	230	30	2025-01-12 16:36:16.520648	2025-01-12 16:36:16.520648
20875	cj	230	30	2025-01-12 16:36:16.527239	2025-01-12 16:36:16.527239
20876	ck	230	30	2025-01-12 16:36:16.532429	2025-01-12 16:36:16.532429
20877	cl	230	30	2025-01-12 16:36:16.538664	2025-01-12 16:36:16.538664
20878	cm	230	30	2025-01-12 16:36:16.545729	2025-01-12 16:36:16.545729
20879	cn	230	30	2025-01-12 16:36:16.552051	2025-01-12 16:36:16.552051
20880	co	230	30	2025-01-12 16:36:16.558419	2025-01-12 16:36:16.558419
20881	cp	230	30	2025-01-12 16:36:16.563187	2025-01-12 16:36:16.563187
20882	cq	230	30	2025-01-12 16:36:16.569899	2025-01-12 16:36:16.569899
20883	cr	230	30	2025-01-12 16:36:16.576393	2025-01-12 16:36:16.576393
20884	cs	230	30	2025-01-12 16:36:16.583709	2025-01-12 16:36:16.583709
20885	ct	230	30	2025-01-12 16:36:16.590462	2025-01-12 16:36:16.590462
20886	cu	230	30	2025-01-12 16:36:16.597455	2025-01-12 16:36:16.597455
20887	cv	230	30	2025-01-12 16:36:16.603293	2025-01-12 16:36:16.603293
20888	cw	230	30	2025-01-12 16:36:16.608438	2025-01-12 16:36:16.608438
20889	cx	230	30	2025-01-12 16:36:16.614149	2025-01-12 16:36:16.614149
20890	cy	230	30	2025-01-12 16:36:16.620215	2025-01-12 16:36:16.620215
20891	cz	230	30	2025-01-12 16:36:16.625984	2025-01-12 16:36:16.625984
20892	da	230	30	2025-01-12 16:36:16.632001	2025-01-12 16:36:16.632001
20893	db	230	30	2025-01-12 16:36:16.63855	2025-01-12 16:36:16.63855
20894	dc	230	30	2025-01-12 16:36:16.644753	2025-01-12 16:36:16.644753
20895	dd	230	30	2025-01-12 16:36:16.650109	2025-01-12 16:36:16.650109
20896	de	230	30	2025-01-12 16:36:16.654765	2025-01-12 16:36:16.654765
20897	df	230	30	2025-01-12 16:36:16.66241	2025-01-12 16:36:16.66241
20898	dg	230	30	2025-01-12 16:36:16.668508	2025-01-12 16:36:16.668508
20899	dh	230	30	2025-01-12 16:36:16.673973	2025-01-12 16:36:16.673973
20900	di	230	30	2025-01-12 16:36:16.680764	2025-01-12 16:36:16.680764
20901	dj	230	30	2025-01-12 16:36:16.686635	2025-01-12 16:36:16.686635
20902	dk	230	30	2025-01-12 16:36:16.693111	2025-01-12 16:36:16.693111
20903	dl	230	30	2025-01-12 16:36:16.699691	2025-01-12 16:36:16.699691
20904	dm	230	30	2025-01-12 16:36:16.705859	2025-01-12 16:36:16.705859
20905	dn	230	30	2025-01-12 16:36:16.711952	2025-01-12 16:36:16.711952
20906	do	230	30	2025-01-12 16:36:16.718288	2025-01-12 16:36:16.718288
20907	dp	230	30	2025-01-12 16:36:16.72482	2025-01-12 16:36:16.72482
20908	dq	230	30	2025-01-12 16:36:16.730403	2025-01-12 16:36:16.730403
20909	dr	230	30	2025-01-12 16:36:16.736887	2025-01-12 16:36:16.736887
20910	ds	230	30	2025-01-12 16:36:16.74413	2025-01-12 16:36:16.74413
20911	dt	230	30	2025-01-12 16:36:16.749855	2025-01-12 16:36:16.749855
20912	du	230	30	2025-01-12 16:36:16.755693	2025-01-12 16:36:16.755693
20913	dv	230	30	2025-01-12 16:36:16.762303	2025-01-12 16:36:16.762303
20914	dw	230	30	2025-01-12 16:36:16.768176	2025-01-12 16:36:16.768176
20915	dx	230	30	2025-01-12 16:36:16.774339	2025-01-12 16:36:16.774339
20916	dy	230	30	2025-01-12 16:36:16.780609	2025-01-12 16:36:16.780609
20917	dz	230	30	2025-01-12 16:36:16.786798	2025-01-12 16:36:16.786798
20918	ea	230	30	2025-01-12 16:36:16.79375	2025-01-12 16:36:16.79375
20919	eb	230	30	2025-01-12 16:36:16.80054	2025-01-12 16:36:16.80054
20920	ec	230	30	2025-01-12 16:36:16.806718	2025-01-12 16:36:16.806718
20921	ed	230	30	2025-01-12 16:36:16.812452	2025-01-12 16:36:16.812452
20922	ee	230	30	2025-01-12 16:36:16.818928	2025-01-12 16:36:16.818928
20923	ef	230	30	2025-01-12 16:36:16.824619	2025-01-12 16:36:16.824619
20924	eg	230	30	2025-01-12 16:36:16.830375	2025-01-12 16:36:16.830375
20925	eh	230	30	2025-01-12 16:36:16.836473	2025-01-12 16:36:16.836473
20926	ei	230	30	2025-01-12 16:36:16.842885	2025-01-12 16:36:16.842885
20927	ej	230	30	2025-01-12 16:36:16.849138	2025-01-12 16:36:16.849138
20928	ek	230	30	2025-01-12 16:36:16.854226	2025-01-12 16:36:16.854226
20929	el	230	30	2025-01-12 16:36:16.859836	2025-01-12 16:36:16.859836
20930	em	230	30	2025-01-12 16:36:16.865321	2025-01-12 16:36:16.865321
20931	en	230	30	2025-01-12 16:36:16.870626	2025-01-12 16:36:16.870626
20932	eo	230	30	2025-01-12 16:36:16.876963	2025-01-12 16:36:16.876963
20933	ep	230	30	2025-01-12 16:36:16.882741	2025-01-12 16:36:16.882741
20934	eq	230	30	2025-01-12 16:36:16.888084	2025-01-12 16:36:16.888084
20935	er	230	30	2025-01-12 16:36:16.89431	2025-01-12 16:36:16.89431
20936	es	230	30	2025-01-12 16:36:16.900363	2025-01-12 16:36:16.900363
20937	et	230	30	2025-01-12 16:36:16.906199	2025-01-12 16:36:16.906199
20938	eu	230	30	2025-01-12 16:36:16.912179	2025-01-12 16:36:16.912179
20939	ev	230	30	2025-01-12 16:36:16.91889	2025-01-12 16:36:16.91889
20940	ew	230	30	2025-01-12 16:36:16.925265	2025-01-12 16:36:16.925265
20941	ex	230	30	2025-01-12 16:36:16.932278	2025-01-12 16:36:16.932278
20942	ey	230	30	2025-01-12 16:36:16.938931	2025-01-12 16:36:16.938931
20943	ez	230	30	2025-01-12 16:36:16.945224	2025-01-12 16:36:16.945224
20944	fa	230	30	2025-01-12 16:36:16.951512	2025-01-12 16:36:16.951512
20945	fb	230	30	2025-01-12 16:36:16.957352	2025-01-12 16:36:16.957352
20946	fc	230	30	2025-01-12 16:36:16.962564	2025-01-12 16:36:16.962564
20947	fd	230	30	2025-01-12 16:36:16.968626	2025-01-12 16:36:16.968626
20948	fe	230	30	2025-01-12 16:36:16.97422	2025-01-12 16:36:16.97422
20949	ff	230	30	2025-01-12 16:36:16.979444	2025-01-12 16:36:16.979444
20950	fg	230	30	2025-01-12 16:36:16.984759	2025-01-12 16:36:16.984759
20951	fh	230	30	2025-01-12 16:36:16.98995	2025-01-12 16:36:16.98995
20952	fi	230	30	2025-01-12 16:36:16.995545	2025-01-12 16:36:16.995545
20953	fj	230	30	2025-01-12 16:36:17.001574	2025-01-12 16:36:17.001574
20954	fk	230	30	2025-01-12 16:36:17.007722	2025-01-12 16:36:17.007722
20955	fl	230	30	2025-01-12 16:36:17.012958	2025-01-12 16:36:17.012958
20956	fm	230	30	2025-01-12 16:36:17.017988	2025-01-12 16:36:17.017988
20957	fn	230	30	2025-01-12 16:36:17.021653	2025-01-12 16:36:17.021653
20958	fo	230	30	2025-01-12 16:36:17.026497	2025-01-12 16:36:17.026497
20959	fp	230	30	2025-01-12 16:36:17.03173	2025-01-12 16:36:17.03173
20960	fq	230	30	2025-01-12 16:36:17.0366	2025-01-12 16:36:17.0366
20961	fr	230	30	2025-01-12 16:36:17.042914	2025-01-12 16:36:17.042914
20962	fs	230	30	2025-01-12 16:36:17.048791	2025-01-12 16:36:17.048791
20963	ft	230	30	2025-01-12 16:36:17.054529	2025-01-12 16:36:17.054529
20964	fu	230	30	2025-01-12 16:36:17.060444	2025-01-12 16:36:17.060444
20965	fv	230	30	2025-01-12 16:36:17.066645	2025-01-12 16:36:17.066645
20966	fw	230	30	2025-01-12 16:36:17.072867	2025-01-12 16:36:17.072867
20967	fx	230	30	2025-01-12 16:36:17.078717	2025-01-12 16:36:17.078717
20968	fy	230	30	2025-01-12 16:36:17.084365	2025-01-12 16:36:17.084365
20969	fz	230	30	2025-01-12 16:36:17.090432	2025-01-12 16:36:17.090432
20970	ga	230	30	2025-01-12 16:36:17.096851	2025-01-12 16:36:17.096851
20971	gb	230	30	2025-01-12 16:36:17.101669	2025-01-12 16:36:17.101669
20972	gc	230	30	2025-01-12 16:36:17.107367	2025-01-12 16:36:17.107367
20973	gd	230	30	2025-01-12 16:36:17.111988	2025-01-12 16:36:17.111988
20974	ge	230	30	2025-01-12 16:36:17.116721	2025-01-12 16:36:17.116721
20975	gf	230	30	2025-01-12 16:36:17.122317	2025-01-12 16:36:17.122317
20976	gg	230	30	2025-01-12 16:36:17.127916	2025-01-12 16:36:17.127916
20977	gh	230	30	2025-01-12 16:36:17.133668	2025-01-12 16:36:17.133668
20978	gi	230	30	2025-01-12 16:36:17.139595	2025-01-12 16:36:17.139595
20979	gj	230	30	2025-01-12 16:36:17.145179	2025-01-12 16:36:17.145179
20980	gk	230	30	2025-01-12 16:36:17.150583	2025-01-12 16:36:17.150583
20981	gl	230	30	2025-01-12 16:36:17.155795	2025-01-12 16:36:17.155795
20982	gm	230	30	2025-01-12 16:36:17.161182	2025-01-12 16:36:17.161182
20983	gn	230	30	2025-01-12 16:36:17.166221	2025-01-12 16:36:17.166221
20984	go	230	30	2025-01-12 16:36:17.171976	2025-01-12 16:36:17.171976
20985	gp	230	30	2025-01-12 16:36:17.177623	2025-01-12 16:36:17.177623
20986	gq	230	30	2025-01-12 16:36:17.182923	2025-01-12 16:36:17.182923
20987	gr	230	30	2025-01-12 16:36:17.189636	2025-01-12 16:36:17.189636
20988	gs	230	30	2025-01-12 16:36:17.195586	2025-01-12 16:36:17.195586
20989	gt	230	30	2025-01-12 16:36:17.202017	2025-01-12 16:36:17.202017
20990	gu	230	30	2025-01-12 16:36:17.208027	2025-01-12 16:36:17.208027
20991	gv	230	30	2025-01-12 16:36:17.214193	2025-01-12 16:36:17.214193
20992	gw	230	30	2025-01-12 16:36:17.219696	2025-01-12 16:36:17.219696
20993	gx	230	30	2025-01-12 16:36:17.224572	2025-01-12 16:36:17.224572
20994	gy	230	30	2025-01-12 16:36:17.229984	2025-01-12 16:36:17.229984
20995	gz	230	30	2025-01-12 16:36:17.235271	2025-01-12 16:36:17.235271
20996	ha	230	30	2025-01-12 16:36:17.241353	2025-01-12 16:36:17.241353
20997	hb	230	30	2025-01-12 16:36:17.247824	2025-01-12 16:36:17.247824
20998	hc	230	30	2025-01-12 16:36:17.253746	2025-01-12 16:36:17.253746
20999	hd	230	30	2025-01-12 16:36:17.259805	2025-01-12 16:36:17.259805
21000	he	230	30	2025-01-12 16:36:17.266118	2025-01-12 16:36:17.266118
21001	hf	230	30	2025-01-12 16:36:17.271319	2025-01-12 16:36:17.271319
21002	hg	230	30	2025-01-12 16:36:17.275994	2025-01-12 16:36:17.275994
21003	hh	230	30	2025-01-12 16:36:17.280274	2025-01-12 16:36:17.280274
21004	hi	230	30	2025-01-12 16:36:17.28425	2025-01-12 16:36:17.28425
21005	hj	230	30	2025-01-12 16:36:17.288144	2025-01-12 16:36:17.288144
21006	hk	230	30	2025-01-12 16:36:17.293651	2025-01-12 16:36:17.293651
21007	hl	230	30	2025-01-12 16:36:17.299252	2025-01-12 16:36:17.299252
21008	hm	230	30	2025-01-12 16:36:17.304403	2025-01-12 16:36:17.304403
21009	hn	230	30	2025-01-12 16:36:17.30888	2025-01-12 16:36:17.30888
21010	ho	230	30	2025-01-12 16:36:17.314376	2025-01-12 16:36:17.314376
21011	hp	230	30	2025-01-12 16:36:17.319845	2025-01-12 16:36:17.319845
21012	hq	230	30	2025-01-12 16:36:17.324512	2025-01-12 16:36:17.324512
21013	hr	230	30	2025-01-12 16:36:17.32936	2025-01-12 16:36:17.32936
21014	hs	230	30	2025-01-12 16:36:17.334043	2025-01-12 16:36:17.334043
21015	ht	230	30	2025-01-12 16:36:17.339161	2025-01-12 16:36:17.339161
21016	hu	230	30	2025-01-12 16:36:17.344661	2025-01-12 16:36:17.344661
21017	hv	230	30	2025-01-12 16:36:17.35099	2025-01-12 16:36:17.35099
21018	hw	230	30	2025-01-12 16:36:17.356492	2025-01-12 16:36:17.356492
21019	hx	230	30	2025-01-12 16:36:17.362414	2025-01-12 16:36:17.362414
21020	hy	230	30	2025-01-12 16:36:17.367408	2025-01-12 16:36:17.367408
21021	hz	230	30	2025-01-12 16:36:17.372351	2025-01-12 16:36:17.372351
21022	ia	230	30	2025-01-12 16:36:17.377684	2025-01-12 16:36:17.377684
21023	ib	230	30	2025-01-12 16:36:17.381995	2025-01-12 16:36:17.381995
21024	ic	230	30	2025-01-12 16:36:17.385948	2025-01-12 16:36:17.385948
21025	id	230	30	2025-01-12 16:36:17.390473	2025-01-12 16:36:17.390473
21026	ie	230	30	2025-01-12 16:36:17.394782	2025-01-12 16:36:17.394782
21027	if	230	30	2025-01-12 16:36:17.399425	2025-01-12 16:36:17.399425
21028	ig	230	30	2025-01-12 16:36:17.405337	2025-01-12 16:36:17.405337
21029	ih	230	30	2025-01-12 16:36:17.410156	2025-01-12 16:36:17.410156
21030	ii	230	30	2025-01-12 16:36:17.4152	2025-01-12 16:36:17.4152
21031	ij	230	30	2025-01-12 16:36:17.420807	2025-01-12 16:36:17.420807
21032	ik	230	30	2025-01-12 16:36:17.425504	2025-01-12 16:36:17.425504
21033	il	230	30	2025-01-12 16:36:17.429413	2025-01-12 16:36:17.429413
21034	im	230	30	2025-01-12 16:36:17.435132	2025-01-12 16:36:17.435132
21035	in	230	30	2025-01-12 16:36:17.439656	2025-01-12 16:36:17.439656
21036	io	230	30	2025-01-12 16:36:17.444232	2025-01-12 16:36:17.444232
21037	ip	230	30	2025-01-12 16:36:17.449853	2025-01-12 16:36:17.449853
21038	iq	230	30	2025-01-12 16:36:17.453685	2025-01-12 16:36:17.453685
21039	ir	230	30	2025-01-12 16:36:17.458416	2025-01-12 16:36:17.458416
21040	is	230	30	2025-01-12 16:36:17.46267	2025-01-12 16:36:17.46267
21041	it	230	30	2025-01-12 16:36:17.46682	2025-01-12 16:36:17.46682
21088	a	231	30	2025-01-12 16:38:58.858219	2025-01-12 16:38:58.858219
21089	b	231	30	2025-01-12 16:38:58.868918	2025-01-12 16:38:58.868918
21090	c	231	30	2025-01-12 16:38:58.876833	2025-01-12 16:38:58.876833
21091	d	231	30	2025-01-12 16:38:58.883993	2025-01-12 16:38:58.883993
21092	e	231	30	2025-01-12 16:38:58.891539	2025-01-12 16:38:58.891539
21093	f	231	30	2025-01-12 16:38:58.90008	2025-01-12 16:38:58.90008
21094	g	231	30	2025-01-12 16:38:58.907525	2025-01-12 16:38:58.907525
21095	h	231	30	2025-01-12 16:38:58.913426	2025-01-12 16:38:58.913426
21096	i	231	30	2025-01-12 16:38:58.919225	2025-01-12 16:38:58.919225
21097	j	231	30	2025-01-12 16:38:58.925653	2025-01-12 16:38:58.925653
21098	k	231	30	2025-01-12 16:38:58.931276	2025-01-12 16:38:58.931276
21099	l	231	30	2025-01-12 16:38:58.936765	2025-01-12 16:38:58.936765
21100	m	231	30	2025-01-12 16:38:58.942558	2025-01-12 16:38:58.942558
21101	n	231	30	2025-01-12 16:38:58.948001	2025-01-12 16:38:58.948001
21102	o	231	30	2025-01-12 16:38:58.953151	2025-01-12 16:38:58.953151
21103	p	231	30	2025-01-12 16:38:58.958602	2025-01-12 16:38:58.958602
21104	q	231	30	2025-01-12 16:38:58.963757	2025-01-12 16:38:58.963757
21105	r	231	30	2025-01-12 16:38:58.968804	2025-01-12 16:38:58.968804
21324	ic	231	30	2025-01-12 16:39:00.322656	2025-01-12 16:39:00.322656
21325	id	231	30	2025-01-12 16:39:00.329145	2025-01-12 16:39:00.329145
21326	ie	231	30	2025-01-12 16:39:00.335231	2025-01-12 16:39:00.335231
21327	if	231	30	2025-01-12 16:39:00.340874	2025-01-12 16:39:00.340874
21328	ig	231	30	2025-01-12 16:39:00.346494	2025-01-12 16:39:00.346494
21329	ih	231	30	2025-01-12 16:39:00.352092	2025-01-12 16:39:00.352092
21330	ii	231	30	2025-01-12 16:39:00.35837	2025-01-12 16:39:00.35837
21331	ij	231	30	2025-01-12 16:39:00.363718	2025-01-12 16:39:00.363718
21332	ik	231	30	2025-01-12 16:39:00.369502	2025-01-12 16:39:00.369502
21333	il	231	30	2025-01-12 16:39:00.375816	2025-01-12 16:39:00.375816
21334	im	231	30	2025-01-12 16:39:00.381866	2025-01-12 16:39:00.381866
21335	in	231	30	2025-01-12 16:39:00.387355	2025-01-12 16:39:00.387355
21336	io	231	30	2025-01-12 16:39:00.393436	2025-01-12 16:39:00.393436
21337	ip	231	30	2025-01-12 16:39:00.398952	2025-01-12 16:39:00.398952
21338	iq	231	30	2025-01-12 16:39:00.403784	2025-01-12 16:39:00.403784
21339	ir	231	30	2025-01-12 16:39:00.409471	2025-01-12 16:39:00.409471
21340	is	231	30	2025-01-12 16:39:00.415974	2025-01-12 16:39:00.415974
21341	it	231	30	2025-01-12 16:39:00.42259	2025-01-12 16:39:00.42259
21342	iu	231	30	2025-01-12 16:39:00.428267	2025-01-12 16:39:00.428267
21343	iv	231	30	2025-01-12 16:39:00.434447	2025-01-12 16:39:00.434447
21344	iw	231	30	2025-01-12 16:39:00.439706	2025-01-12 16:39:00.439706
21345	ix	231	30	2025-01-12 16:39:00.445762	2025-01-12 16:39:00.445762
21346	iy	231	30	2025-01-12 16:39:00.451654	2025-01-12 16:39:00.451654
21347	iz	231	30	2025-01-12 16:39:00.457756	2025-01-12 16:39:00.457756
21348	ja	231	30	2025-01-12 16:39:00.463727	2025-01-12 16:39:00.463727
21349	jb	231	30	2025-01-12 16:39:00.469846	2025-01-12 16:39:00.469846
21350	jc	231	30	2025-01-12 16:39:00.475437	2025-01-12 16:39:00.475437
21351	jd	231	30	2025-01-12 16:39:00.481077	2025-01-12 16:39:00.481077
21352	je	231	30	2025-01-12 16:39:00.486664	2025-01-12 16:39:00.486664
21353	jf	231	30	2025-01-12 16:39:00.492912	2025-01-12 16:39:00.492912
21354	jg	231	30	2025-01-12 16:39:00.499784	2025-01-12 16:39:00.499784
21355	jh	231	30	2025-01-12 16:39:00.506483	2025-01-12 16:39:00.506483
21356	ji	231	30	2025-01-12 16:39:00.512176	2025-01-12 16:39:00.512176
21357	jj	231	30	2025-01-12 16:39:00.516852	2025-01-12 16:39:00.516852
21358	jk	231	30	2025-01-12 16:39:00.521496	2025-01-12 16:39:00.521496
21359	jl	231	30	2025-01-12 16:39:00.526541	2025-01-12 16:39:00.526541
21360	jm	231	30	2025-01-12 16:39:00.531237	2025-01-12 16:39:00.531237
21361	jn	231	30	2025-01-12 16:39:00.535572	2025-01-12 16:39:00.535572
21362	jo	231	30	2025-01-12 16:39:00.540508	2025-01-12 16:39:00.540508
21363	jp	231	30	2025-01-12 16:39:00.54527	2025-01-12 16:39:00.54527
21364	jq	231	30	2025-01-12 16:39:00.550331	2025-01-12 16:39:00.550331
21365	jr	231	30	2025-01-12 16:39:00.55537	2025-01-12 16:39:00.55537
21366	js	231	30	2025-01-12 16:39:00.560031	2025-01-12 16:39:00.560031
21367	jt	231	30	2025-01-12 16:39:00.564484	2025-01-12 16:39:00.564484
21368	ju	231	30	2025-01-12 16:39:00.568926	2025-01-12 16:39:00.568926
21369	jv	231	30	2025-01-12 16:39:00.573883	2025-01-12 16:39:00.573883
21370	jw	231	30	2025-01-12 16:39:00.578339	2025-01-12 16:39:00.578339
21371	jx	231	30	2025-01-12 16:39:00.582671	2025-01-12 16:39:00.582671
21372	jy	231	30	2025-01-12 16:39:00.587251	2025-01-12 16:39:00.587251
21373	jz	231	30	2025-01-12 16:39:00.592335	2025-01-12 16:39:00.592335
21374	ka	231	30	2025-01-12 16:39:00.596928	2025-01-12 16:39:00.596928
21375	kb	231	30	2025-01-12 16:39:00.601378	2025-01-12 16:39:00.601378
21376	kc	231	30	2025-01-12 16:39:00.606189	2025-01-12 16:39:00.606189
21377	kd	231	30	2025-01-12 16:39:00.610789	2025-01-12 16:39:00.610789
21378	ke	231	30	2025-01-12 16:39:00.615502	2025-01-12 16:39:00.615502
21379	kf	231	30	2025-01-12 16:39:00.61983	2025-01-12 16:39:00.61983
21380	kg	231	30	2025-01-12 16:39:00.625118	2025-01-12 16:39:00.625118
21381	kh	231	30	2025-01-12 16:39:00.629688	2025-01-12 16:39:00.629688
21382	ki	231	30	2025-01-12 16:39:00.63413	2025-01-12 16:39:00.63413
21383	kj	231	30	2025-01-12 16:39:00.638792	2025-01-12 16:39:00.638792
21384	kk	231	30	2025-01-12 16:39:00.643531	2025-01-12 16:39:00.643531
21385	kl	231	30	2025-01-12 16:39:00.64821	2025-01-12 16:39:00.64821
21386	km	231	30	2025-01-12 16:39:00.652692	2025-01-12 16:39:00.652692
21387	kn	231	30	2025-01-12 16:39:00.657377	2025-01-12 16:39:00.657377
\.


--
-- Data for Name: school_admins; Type: TABLE DATA; Schema: public; Owner: postgres
--

COPY public.school_admins (id, school_id, user_id, created_at, updated_at) FROM stdin;
3	5	21	2024-12-17 20:16:25.187587	2024-12-17 20:16:25.187587
5	3	21	2024-12-18 15:41:44.082691	2024-12-18 15:41:44.082691
6	1	22	2025-01-06 23:06:46.026675	2025-01-06 23:06:46.026675
7	2	22	2025-01-06 23:06:52.849813	2025-01-06 23:06:52.849813
\.


--
-- Data for Name: schools; Type: TABLE DATA; Schema: public; Owner: postgres
--

COPY public.schools (id, name, created_at, updated_at) FROM stdin;
1	Technikum nr 24	2024-11-17 14:40:44.745302	2024-11-17 14:40:44.745302
2	Szkoła zawodowa nr 3	2024-11-17 14:40:44.745302	2024-11-17 14:40:44.745302
3	Liceum ogólnokształcące nr 1	2024-11-17 14:40:44.745302	2024-11-17 14:40:44.745302
5	Technikum nr 4	2024-12-16 21:53:55.842103	2024-12-16 21:53:55.842103
230	TestowaSzkoła	2025-01-12 16:36:15.990778	2025-01-12 16:36:15.990778
231	TestowaSzkoła	2025-01-12 16:38:58.840575	2025-01-12 16:38:58.840575
\.


--
-- Data for Name: subjects; Type: TABLE DATA; Schema: public; Owner: postgres
--

COPY public.subjects (id, name, created_at, updated_at, is_exam_subject) FROM stdin;
1	matematyka	2024-11-17 23:04:14.241748	2024-11-17 23:04:14.241748	t
2	fizyka	2024-11-17 23:04:14.241748	2024-11-17 23:04:14.241748	f
3	informatyka	2024-11-17 23:04:14.241748	2024-11-17 23:04:14.241748	f
4	chemia	2024-11-17 23:04:14.241748	2024-11-17 23:04:14.241748	f
5	biologia	2024-11-17 23:04:14.241748	2024-11-17 23:04:14.241748	f
6	geografia	2024-11-17 23:04:14.241748	2024-11-17 23:04:14.241748	f
7	historia	2024-11-17 23:04:14.241748	2024-11-17 23:04:14.241748	f
8	język polski	2024-11-17 23:04:14.241748	2024-11-17 23:04:14.241748	t
11	język obcy nowożytny	2024-11-26 00:23:31.429125	2024-11-26 00:23:31.429125	t
\.


--
-- Data for Name: user_roles; Type: TABLE DATA; Schema: public; Owner: postgres
--

COPY public.user_roles (user_id, role_name, created_at, updated_at) FROM stdin;
6	user	2024-09-01 22:04:18.466298	2024-09-01 22:04:18.466298
7	user	2024-09-03 16:26:41.724667	2024-09-03 16:26:41.724667
8	user	2024-09-17 00:00:05.448964	2024-09-17 00:00:05.448964
9	user	2024-09-17 01:10:14.888375	2024-09-17 01:10:14.888375
10	user	2024-10-22 00:00:58.125922	2024-10-22 00:00:58.125922
12	user	2024-11-11 18:18:43.497994	2024-11-11 18:18:43.497994
13	user	2024-11-14 00:07:49.95256	2024-11-14 00:07:49.95256
16	user	2024-12-02 21:10:10.257826	2024-12-02 21:10:10.257826
17	user	2024-12-09 14:18:00.183076	2024-12-09 14:18:00.183076
18	admin	2024-12-09 19:52:58.129178	2024-12-09 19:52:58.129178
19	user	2024-12-13 01:37:53.748459	2024-12-13 01:37:53.748459
20	user	2024-12-15 16:49:55.137041	2024-12-15 16:49:55.137041
21	schoolAdmin	2024-12-17 20:05:12.892054	2024-12-17 20:05:12.892054
22	schoolAdmin	2025-01-06 23:03:33.249066	2025-01-06 23:03:33.249066
23	user	2025-01-10 17:01:01.990898	2025-01-10 17:01:01.990898
\.


--
-- Data for Name: users; Type: TABLE DATA; Schema: public; Owner: postgres
--

COPY public.users (id, username, email, password, created_at, updated_at) FROM stdin;
6	fajnylogin	email@email.com	$2b$12$TLSNPv9A6yuVFRB1Hjv49OnYgBd/i0e90EorKIuK16fwgqgewuiuy	2024-09-01 22:04:18.459146	2024-09-01 22:04:18.459146
7	Julia	email@email2.com	$2b$12$NGSDULDN8ia7Yf8IzlvJzuzQX4dP78BmSWcvzzHSA.0GtREjER7e.	2024-09-03 16:26:41.717646	2024-09-03 16:26:41.717646
8	fajnylogin2	email2@email.com	$2b$12$JT3WNRcGsMSr.2QIWQNvG.hBT4mQzxZdzNuFYOupm8VZ7tauRzIPK	2024-09-17 00:00:05.448964	2024-09-17 00:00:05.448964
9	fajnylogin3	email@email3.com	$2b$12$i1WJx2RQWOv4L7IUl1RINu8A9sjvhzlxh2zkn4YDXWnhIRWZOq2lS	2024-09-17 01:10:14.888375	2024-09-17 01:10:14.888375
10	Julia3	email44@email.com	$2b$12$o5gnRFC73HK7x4KV1UFkpOwA5fkTkdUNK4wVq7V5SC3b/x3G8wYdq	2024-10-22 00:00:58.125922	2024-10-22 00:00:58.125922
12	fajnylogin6	email@email6.com	$2b$12$dFcE598aysC.oST7qPpyHOIDR.JwTWkJo1VSeJi0NXlW.6hpntpTa	2024-11-11 18:18:43.497994	2024-11-11 18:18:43.497994
13	nowy1	email1@email.com	$2b$12$HSLWabPFevNb/UPfymyzbuIPKHwyHbOcjtImBuVAyrC0w1D7B6hty	2024-11-14 00:07:49.95256	2024-11-14 00:07:49.95256
16	julka	email4@email.com	$2b$12$TL6yflaTNlAu0oWhcu1eUucXPrBHohjPpo0lbUBG51T/eVz.3iC5a	2024-12-02 21:10:10.257826	2024-12-02 21:10:10.257826
17	afterRefactor	email0@email.com	$2b$12$BVkfQ1ZFYxDV5SvxgLWLAeyzXgR/txLPlp0FaZ04WWkGOA.7Ob05.	2024-12-09 14:18:00.183076	2024-12-09 14:18:00.183076
18	ADMIN	admin@admin.com	$2b$12$kmkBaUGEMB.4L4FiV8kcF.yes0VvVKJFSTjnt.guJfJNVMLufjo9O	2024-12-09 19:52:58.129178	2024-12-09 19:52:58.129178
19	test0	email00@email.com	$2b$12$M/S6edc5giJ.cz8DJl1TOuHS9hBkgYBoBJYi5OB./S/E8Tl7in5Le	2024-12-13 01:37:53.748459	2024-12-13 01:37:53.748459
20	test2	email22@email.com	$2b$12$vrl/LbsNkjgG9YtmS6nA.OJ.TwxFaFKcPxaY45dGWlwfb/9nSGhLW	2024-12-15 16:49:55.137041	2024-12-15 16:49:55.137041
21	ADMINSZKOLNY	admin@szkolny.com	$2b$12$U/7GDTo9FLhclplr60FvGu7Q/f0IneyM.yu4dCPfQOryFI6EsR/xS	2024-12-17 20:05:12.892054	2024-12-17 20:05:12.892054
22	ADMINSZKOLNY2	admin.szkolny@email.com	$2b$12$3NKIKDY0/AXoxNjZz6.AiOWj1Ab3XV6FyzyLxIU/6.dgDxopSeoEC	2025-01-06 23:03:33.249066	2025-01-06 23:03:33.249066
23	e2etest	e2e@test.com	$2b$12$heQLieAaQaeX7vBgBFd6vefAJlxwZ0L3qAjiG87F0nUzPCPKBfKia	2025-01-10 17:01:01.990898	2025-01-10 17:01:01.990898
\.


--
-- Name: applications_id_seq; Type: SEQUENCE SET; Schema: public; Owner: postgres
--

SELECT pg_catalog.setval('public.applications_id_seq', 1079253, true);


--
-- Name: candidates_candidate_id_seq; Type: SEQUENCE SET; Schema: public; Owner: postgres
--

SELECT pg_catalog.setval('public.candidates_candidate_id_seq', 169916, true);


--
-- Name: class_criteria_id_seq; Type: SEQUENCE SET; Schema: public; Owner: postgres
--

SELECT pg_catalog.setval('public.class_criteria_id_seq', 108475, true);


--
-- Name: classes_id_seq; Type: SEQUENCE SET; Schema: public; Owner: postgres
--

SELECT pg_catalog.setval('public.classes_id_seq', 21687, true);


--
-- Name: enrollment_id_seq; Type: SEQUENCE SET; Schema: public; Owner: postgres
--

SELECT pg_catalog.setval('public.enrollment_id_seq', 5, true);


--
-- Name: grades_id_seq; Type: SEQUENCE SET; Schema: public; Owner: postgres
--

SELECT pg_catalog.setval('public.grades_id_seq', 2038734, true);


--
-- Name: school_admins_id_seq; Type: SEQUENCE SET; Schema: public; Owner: postgres
--

SELECT pg_catalog.setval('public.school_admins_id_seq', 8, true);


--
-- Name: schools_id_seq; Type: SEQUENCE SET; Schema: public; Owner: postgres
--

SELECT pg_catalog.setval('public.schools_id_seq', 232, true);


--
-- Name: subjects_id_seq; Type: SEQUENCE SET; Schema: public; Owner: postgres
--

SELECT pg_catalog.setval('public.subjects_id_seq', 11, true);


--
-- Name: users_user_id_seq; Type: SEQUENCE SET; Schema: public; Owner: postgres
--

SELECT pg_catalog.setval('public.users_user_id_seq', 233, true);


--
-- Name: applications applications_pkey; Type: CONSTRAINT; Schema: public; Owner: postgres
--

ALTER TABLE ONLY public.applications
    ADD CONSTRAINT applications_pkey PRIMARY KEY (id);


--
-- Name: candidates candidates_pkey; Type: CONSTRAINT; Schema: public; Owner: postgres
--

ALTER TABLE ONLY public.candidates
    ADD CONSTRAINT candidates_pkey PRIMARY KEY (id);


--
-- Name: profile_criteria class_criteria_pkey; Type: CONSTRAINT; Schema: public; Owner: postgres
--

ALTER TABLE ONLY public.profile_criteria
    ADD CONSTRAINT class_criteria_pkey PRIMARY KEY (id);


--
-- Name: profiles classes_pkey; Type: CONSTRAINT; Schema: public; Owner: postgres
--

ALTER TABLE ONLY public.profiles
    ADD CONSTRAINT classes_pkey PRIMARY KEY (id);


--
-- Name: enrollments enrollment_pkey; Type: CONSTRAINT; Schema: public; Owner: postgres
--

ALTER TABLE ONLY public.enrollments
    ADD CONSTRAINT enrollment_pkey PRIMARY KEY (id);


--
-- Name: grades grades_pkey; Type: CONSTRAINT; Schema: public; Owner: postgres
--

ALTER TABLE ONLY public.grades
    ADD CONSTRAINT grades_pkey PRIMARY KEY (id);


--
-- Name: candidates pesel_key; Type: CONSTRAINT; Schema: public; Owner: postgres
--

ALTER TABLE ONLY public.candidates
    ADD CONSTRAINT pesel_key UNIQUE (pesel);


--
-- Name: school_admins school_admins_pkey; Type: CONSTRAINT; Schema: public; Owner: postgres
--

ALTER TABLE ONLY public.school_admins
    ADD CONSTRAINT school_admins_pkey PRIMARY KEY (id);


--
-- Name: schools schools_pkey; Type: CONSTRAINT; Schema: public; Owner: postgres
--

ALTER TABLE ONLY public.schools
    ADD CONSTRAINT schools_pkey PRIMARY KEY (id);


--
-- Name: subjects subjects_pkey; Type: CONSTRAINT; Schema: public; Owner: postgres
--

ALTER TABLE ONLY public.subjects
    ADD CONSTRAINT subjects_pkey PRIMARY KEY (id);


--
-- Name: user_roles user_roles_pkey; Type: CONSTRAINT; Schema: public; Owner: postgres
--

ALTER TABLE ONLY public.user_roles
    ADD CONSTRAINT user_roles_pkey PRIMARY KEY (user_id, role_name);


--
-- Name: users users_email_key; Type: CONSTRAINT; Schema: public; Owner: postgres
--

ALTER TABLE ONLY public.users
    ADD CONSTRAINT users_email_key UNIQUE (email);


--
-- Name: users users_login_key; Type: CONSTRAINT; Schema: public; Owner: postgres
--

ALTER TABLE ONLY public.users
    ADD CONSTRAINT users_login_key UNIQUE (username);


--
-- Name: users users_pkey; Type: CONSTRAINT; Schema: public; Owner: postgres
--

ALTER TABLE ONLY public.users
    ADD CONSTRAINT users_pkey PRIMARY KEY (id);


--
-- Name: applications applications_candidate_id_fkey; Type: FK CONSTRAINT; Schema: public; Owner: postgres
--

ALTER TABLE ONLY public.applications
    ADD CONSTRAINT applications_candidate_id_fkey FOREIGN KEY (candidate_id) REFERENCES public.candidates(id) ON DELETE CASCADE;


--
-- Name: applications applications_class_id_fkey; Type: FK CONSTRAINT; Schema: public; Owner: postgres
--

ALTER TABLE ONLY public.applications
    ADD CONSTRAINT applications_class_id_fkey FOREIGN KEY (profile_id) REFERENCES public.profiles(id) ON DELETE CASCADE;


--
-- Name: profile_criteria class_criteria_class_id_fkey; Type: FK CONSTRAINT; Schema: public; Owner: postgres
--

ALTER TABLE ONLY public.profile_criteria
    ADD CONSTRAINT class_criteria_class_id_fkey FOREIGN KEY (profile_id) REFERENCES public.profiles(id) ON DELETE CASCADE;


--
-- Name: profile_criteria class_criteria_subject_id_fkey; Type: FK CONSTRAINT; Schema: public; Owner: postgres
--

ALTER TABLE ONLY public.profile_criteria
    ADD CONSTRAINT class_criteria_subject_id_fkey FOREIGN KEY (subject_id) REFERENCES public.subjects(id) ON DELETE CASCADE;


--
-- Name: profiles classes_school_id_fkey; Type: FK CONSTRAINT; Schema: public; Owner: postgres
--

ALTER TABLE ONLY public.profiles
    ADD CONSTRAINT classes_school_id_fkey FOREIGN KEY (school_id) REFERENCES public.schools(id) ON DELETE CASCADE;


--
-- Name: applications fk_applications_enrollment_id; Type: FK CONSTRAINT; Schema: public; Owner: postgres
--

ALTER TABLE ONLY public.applications
    ADD CONSTRAINT fk_applications_enrollment_id FOREIGN KEY (enrollment_id) REFERENCES public.enrollments(id) ON DELETE CASCADE;


--
-- Name: candidates fk_candidates_users; Type: FK CONSTRAINT; Schema: public; Owner: postgres
--

ALTER TABLE ONLY public.candidates
    ADD CONSTRAINT fk_candidates_users FOREIGN KEY (user_id) REFERENCES public.users(id) ON DELETE CASCADE;


--
-- Name: grades grades_candidate_id_fkey; Type: FK CONSTRAINT; Schema: public; Owner: postgres
--

ALTER TABLE ONLY public.grades
    ADD CONSTRAINT grades_candidate_id_fkey FOREIGN KEY (candidate_id) REFERENCES public.candidates(id) ON DELETE CASCADE;


--
-- Name: grades grades_subject_id_fkey; Type: FK CONSTRAINT; Schema: public; Owner: postgres
--

ALTER TABLE ONLY public.grades
    ADD CONSTRAINT grades_subject_id_fkey FOREIGN KEY (subject_id) REFERENCES public.subjects(id) ON DELETE CASCADE;


--
-- Name: school_admins school_admins_school_id_fkey; Type: FK CONSTRAINT; Schema: public; Owner: postgres
--

ALTER TABLE ONLY public.school_admins
    ADD CONSTRAINT school_admins_school_id_fkey FOREIGN KEY (school_id) REFERENCES public.schools(id) ON DELETE CASCADE;


--
-- Name: school_admins school_admins_user_id_fkey; Type: FK CONSTRAINT; Schema: public; Owner: postgres
--

ALTER TABLE ONLY public.school_admins
    ADD CONSTRAINT school_admins_user_id_fkey FOREIGN KEY (user_id) REFERENCES public.users(id) ON DELETE CASCADE;


--
-- Name: user_roles user_roles_user_id_fkey; Type: FK CONSTRAINT; Schema: public; Owner: postgres
--

ALTER TABLE ONLY public.user_roles
    ADD CONSTRAINT user_roles_user_id_fkey FOREIGN KEY (user_id) REFERENCES public.users(id) ON DELETE CASCADE;


--
-- PostgreSQL database dump complete
--

